season,raceName,driverRef,first_set,stint_1,second_set,stint_2,third_set,stint_3,fourth_set,stint_4,fifth_set,stint_5,sixth_set,stint_6,total
2015,Abu Dhabi Grand Prix,Nico Rosberg,Super soft,10,Soft,21,Soft,24,,,,,,,55
2015,Abu Dhabi Grand Prix,Lewis Hamilton,Super soft,11,Soft,30,Soft,14,,,,,,,55
2015,Abu Dhabi Grand Prix,Kimi Raikkonen,Super soft,10,Soft,22,Soft,23,,,,,,,55
2015,Abu Dhabi Grand Prix,Sebastian Vettel,Soft,23,Soft,16,Super soft,16,,,,,,,55
2015,Abu Dhabi Grand Prix,Sergio Perez,Super soft,6,Soft,21,Soft,28,,,,,,,55
2015,Abu Dhabi Grand Prix,Daniel Ricciardo,Super soft,6,Soft,20,Soft,29,,,,,,,55
2015,Abu Dhabi Grand Prix,Nico Hulkenberg,Super soft,7,Soft,17,Soft,31,,,,,,,55
2015,Abu Dhabi Grand Prix,Felipe Massa,Super soft,6,Soft,20,Soft,29,,,,,,,55
2015,Abu Dhabi Grand Prix,Romain Grosjean,Soft,23,Soft,20,Super soft,12,,,,,,,55
2015,Abu Dhabi Grand Prix,Daniil Kvyat,Super soft,5,Soft,20,Soft,30,,,,,,,55
2015,Abu Dhabi Grand Prix,Carlos Sainz,Super soft,7,Soft,21,Soft,27,,,,,,,55
2015,Abu Dhabi Grand Prix,Jenson Button,Super soft,8,Soft,19,Soft,27,,,,,,,54
2015,Abu Dhabi Grand Prix,Valtteri Bottas,Super soft,8,Soft,1,Soft,20,Soft,25,,,,,54
2015,Abu Dhabi Grand Prix,Marcus Ericsson,Soft,15,Soft,26,Super soft,13,,,,,,,54
2015,Abu Dhabi Grand Prix,Felipe Nasr,Super soft,4,Soft,22,Soft,18,Super soft,10,,,,,54
2015,Abu Dhabi Grand Prix,Max Verstappen,Super soft,8,Soft,12,Soft,18,Super soft,16,,,,,54
2015,Abu Dhabi Grand Prix,Fernando Alonso,Super soft,1,Soft,7,Soft,9,Soft,30,Super soft,6,,,53
2015,Abu Dhabi Grand Prix,Will Stevens,Soft,23,Super soft,10,Soft,20,,,,,,,53
2015,Abu Dhabi Grand Prix,Roberto Merhi,Soft,24,Super soft,28,,,,,,,,,52
2015,Abu Dhabi Grand Prix,Pastor Maldonado,,,,,,,,,,,,,
2016,Abu Dhabi Grand Prix,Lewis Hamilton,Ultra soft,7,Soft,21,Soft,27,,,,,,,55
2016,Abu Dhabi Grand Prix,Nico Rosberg,Ultra soft,8,Soft,21,Soft,26,,,,,,,55
2016,Abu Dhabi Grand Prix,Sebastian Vettel,Ultra soft,8,Soft,29,Super soft,18,,,,,,,55
2016,Abu Dhabi Grand Prix,Max Verstappen,Super soft,21,Soft,34,,,,,,,,,55
2016,Abu Dhabi Grand Prix,Daniel Ricciardo,Super soft,9,Soft,15,Soft,31,,,,,,,55
2016,Abu Dhabi Grand Prix,Kimi Raikkonen,Ultra soft,7,Soft,18,Soft,30,,,,,,,55
2016,Abu Dhabi Grand Prix,Nico Hulkenberg,Ultra soft,8,Soft,18,Soft,29,,,,,,,55
2016,Abu Dhabi Grand Prix,Sergio Perez,Ultra soft,9,Soft,18,Soft,28,,,,,,,55
2016,Abu Dhabi Grand Prix,Felipe Massa,Ultra soft,8,Soft,22,Soft,25,,,,,,,55
2016,Abu Dhabi Grand Prix,Fernando Alonso,Ultra soft,7,Soft,31,Super soft,17,,,,,,,55
2016,Abu Dhabi Grand Prix,Romain Grosjean,Soft,20,Soft,18,Super soft,17,,,,,,,55
2016,Abu Dhabi Grand Prix,Esteban Gutierrez,Super soft,8,Soft,20,Soft,27,,,,,,,55
2016,Abu Dhabi Grand Prix,Esteban Ocon,Soft,22,Soft,14,Super soft,18,,,,,,,54
2016,Abu Dhabi Grand Prix,Pascal Wehrlein,Ultra soft,6,Soft,18,Soft,30,,,,,,,54
2016,Abu Dhabi Grand Prix,Marcus Ericsson,Soft,38,Super soft,16,,,,,,,,,54
2016,Abu Dhabi Grand Prix,Felipe Nasr,Super soft,7,Soft,29,Soft,18,,,,,,,54
2016,Abu Dhabi Grand Prix,Jolyon Palmer,Ultra soft,7,Soft,14,Soft,20,Super soft,13,,,,,54
2016,Abu Dhabi Grand Prix,Carlos Sainz,Super soft,6,Soft,22,Soft,,,,,,,,28
2016,Abu Dhabi Grand Prix,Daniil Kvyat,Super soft,8,Soft,,,,,,,,,,8
2016,Abu Dhabi Grand Prix,Jenson Button,Soft,,,,,,,,,,,,0
2016,Abu Dhabi Grand Prix,Valtteri Bottas,Ultra soft,,,,,,,,,,,,0
2016,Abu Dhabi Grand Prix,Kevin Magnussen,Soft,1,Soft,,,,,,,,,,1
2017,Abu Dhabi Grand Prix,Brendon Hartley,Super soft,26,Ultra soft,28,,,,,,,,,54
2017,Abu Dhabi Grand Prix,Carlos Sainz,Ultra soft,31,Super soft,,,,,,,,,,31
2017,Abu Dhabi Grand Prix,Daniel Ricciardo,Ultra soft,19,Super soft,,,,,,,,,,19
2017,Abu Dhabi Grand Prix,Esteban Ocon,Ultra soft,31,Super soft,24,,,,,,,,,55
2017,Abu Dhabi Grand Prix,Felipe Massa,Ultra soft,22,Super soft,32,,,,,,,,,54
2017,Abu Dhabi Grand Prix,Fernando Alonso,Ultra soft,21,Super soft,33,,,,,,,,,54
2017,Abu Dhabi Grand Prix,Kevin Magnussen,Ultra soft,22,Super soft,32,,,,,,,,,54
2017,Abu Dhabi Grand Prix,Kimi Raikkonen,Ultra soft,15,Super soft,40,,,,,,,,,55
2017,Abu Dhabi Grand Prix,Lance Stroll,Ultra soft,11,Super soft,18,Ultra soft,6,Ultra soft,19,,,,,54
2017,Abu Dhabi Grand Prix,Lewis Hamilton,Ultra soft,24,Super soft,31,,,,,,,,,55
2017,Abu Dhabi Grand Prix,Marcus Ericsson,Super soft,30,Ultra soft,24,,,,,,,,,54
2017,Abu Dhabi Grand Prix,Max Verstappen,Ultra soft,14,Super soft,41,,,,,,,,,55
2017,Abu Dhabi Grand Prix,Nico Hulkenberg,Ultra soft,17,Super soft,38,,,,,,,,,55
2017,Abu Dhabi Grand Prix,Pascal Wehrlein,Super soft,28,Ultra soft,26,,,,,,,,,54
2017,Abu Dhabi Grand Prix,Pierre Gasly,Ultra soft,30,Super soft,24,,,,,,,,,54
2017,Abu Dhabi Grand Prix,Romain Grosjean,Ultra soft,32,Super soft,22,,,,,,,,,54
2017,Abu Dhabi Grand Prix,Sebastian Vettel,Ultra soft,20,Super soft,35,,,,,,,,,55
2017,Abu Dhabi Grand Prix,Sergio Perez,Ultra soft,16,Super soft,39,,,,,,,,,55
2017,Abu Dhabi Grand Prix,Stoffel Vandoorne,Ultra soft,12,Super soft,42,,,,,,,,,54
2017,Abu Dhabi Grand Prix,Valtteri Bottas,Ultra soft,21,Super soft,34,,,,,,,,,55
2015,Australian Grand Prix,Lewis Hamilton,Soft,25,Medium,33,,,,,,,,,58
2015,Australian Grand Prix,Nico Rosberg,Soft,16,Medium,42,,,,,,,,,58
2015,Australian Grand Prix,Sebastian Vettel,Soft,24,Medium,34,,,,,,,,,58
2015,Australian Grand Prix,Felipe Massa,Soft,21,Medium,37,,,,,,,,,58
2015,Australian Grand Prix,Felipe Nasr,Soft,25,Medium,33,,,,,,,,,58
2015,Australian Grand Prix,Daniel Ricciardo,Soft,23,Medium,35,,,,,,,,,58
2015,Australian Grand Prix,Nico Hulkenberg,Soft,21,Medium,23,Soft,11,,,,,,,55
2015,Australian Grand Prix,Marcus Ericsson,Medium,1,Soft,25,Soft,17,,,,,,,43
2015,Australian Grand Prix,Carlos Sainz,Soft,24,Medium,34,,,,,,,,,58
2015,Australian Grand Prix,Sergio Perez,Medium,38,Medium,20,,,,,,,,,58
2015,Australian Grand Prix,Jenson Button,Soft,27,Medium,31,,,,,,,,,58
2015,Australian Grand Prix,Kimi Raikkonen,Soft,16,Soft,24,Soft,,,,,,,,40
2015,Australian Grand Prix,Max Verstappen,Medium,,,,,,,,,,,,0
2015,Australian Grand Prix,Romain Grosjean,,,,,,,,,,,,,
2015,Australian Grand Prix,Pastor Maldonado,,,,,,,,,,,,,
2015,Australian Grand Prix,Danil Kvyat,,,,,,,,,,,,,
2015,Australian Grand Prix,Kevin Magnussen,,,,,,,,,,,,,
2015,Australian Grand Prix,Valtteri Bottas,,,,,,,,,,,,,
2016,Australian Grand Prix,Nico Rosberg,Super soft,12,Soft,6,Medium,39,,,,,,,57
2016,Australian Grand Prix,Lewis Hamilton,Super soft,16,Medium,2,Medium,39,,,,,,,57
2016,Australian Grand Prix,Sebastian Vettel,Super soft,13,Super soft,5,Super soft,17,Soft,22,,,,,57
2016,Australian Grand Prix,Daniel Ricciardo,Super soft,12,Super soft,6,Soft,24,Super soft,15,,,,,57
2016,Australian Grand Prix,Felipe Massa,Super soft,11,Soft,7,Medium,39,,,,,,,57
2016,Australian Grand Prix,Romain Grosjean,Soft,18,Medium,39,,,,,,,,,57
2016,Australian Grand Prix,Nico Hulkenberg,Soft,16,Medium,2,Medium,39,,,,,,,57
2016,Australian Grand Prix,Valtteri Bottas,Soft,17,Medium,2,Medium,39,,,,,,,58
2016,Australian Grand Prix,Carlos Sainz,Super soft,8,Soft,10,Soft,13,Medium,26,,,,,57
2016,Australian Grand Prix,Max Verstappen,Super soft,13,Soft,5,Soft,14,Medium,25,,,,,57
2016,Australian Grand Prix,Jolyon Palmer,Super soft,12,Soft,6,Medium,39,,,,,,,57
2016,Australian Grand Prix,Kevin Magnussen,Super soft,1,Soft,17,Medium,39,,,,,,,57
2016,Australian Grand Prix,Sergio Perez,Soft,16,Medium,2,Medium,39,,,,,,,57
2016,Australian Grand Prix,Jenson Button,Soft,15,Soft,3,Super soft,12,Medium,26,,,,,56
2016,Australian Grand Prix,Felipe Nasr,Super soft,10,Soft,8,Medium,38,,,,,,,56
2016,Australian Grand Prix,Pascal Wehrlein,Super soft,11,Soft,7,Soft,14,Medium,24,,,,,56
2016,Australian Grand Prix,Marcus Ericsson,Super soft,11,Soft,7,Medium,20,,,,,,,38
2016,Australian Grand Prix,Kimi Raikkonen,Super soft,16,Super soft,5,,,,,,,,,21
2016,Australian Grand Prix,Rio Haryanto,Super soft,12,Soft,5,,,,,,,,,17
2016,Australian Grand Prix,Esteban Gutierrez,Soft,,,,,,,,,,,,0
2016,Australian Grand Prix,Fernando Alonso,Super soft,12,Soft,4,,,,,,,,,16
2016,Australian Grand Prix,Danil Kvyat,,,,,,,,,,,,,
2017,Australian Grand Prix,Sebastian Vettel,Ultra soft,23,Soft,34,,,,,,,,,57
2017,Australian Grand Prix,Lewis Hamilton,Ultra soft,17,Soft,40,,,,,,,,,57
2017,Australian Grand Prix,Valtteri Bottas,Ultra soft,25,Soft,32,,,,,,,,,57
2017,Australian Grand Prix,Kimi Raikkonen,Ultra soft,26,Soft,31,,,,,,,,,57
2017,Australian Grand Prix,Max Verstappen,Ultra soft,25,Super soft,32,,,,,,,,,57
2017,Australian Grand Prix,Felipe Massa,Ultra soft,20,Super soft,37,,,,,,,,,57
2017,Australian Grand Prix,Sergio Perez,Ultra soft,17,Soft,39,,,,,,,,,56
2017,Australian Grand Prix,Carlos Sainz,Ultra soft,18,Soft,38,,,,,,,,,56
2017,Australian Grand Prix,Daniil Kvyat,Ultra soft,34,Super soft,15,Ultra soft,7,,,,,,,56
2017,Australian Grand Prix,Esteban Ocon,Ultra soft,15,Soft,41,,,,,,,,,56
2017,Australian Grand Prix,Nico Hulkenberg,Ultra soft,16,Soft,14,Ultra soft,26,,,,,,,56
2017,Australian Grand Prix,Antonio Giovinazzi,Soft,15,Super soft,40,,,,,,,,,55
2017,Australian Grand Prix,Stoffel Vandoorne,Ultra soft,9,Soft,46,,,,,,,,,55
2017,Australian Grand Prix,Fernando Alonso,Ultra soft,16,Super soft,34,,,,,,,,,50
2017,Australian Grand Prix,Kevin Magnussen,Soft,1,Super soft,43,Ultra soft,2,,,,,,,46
2017,Australian Grand Prix,Lance Stroll,Super soft,5,Ultra soft,24,Ultra soft,11,,,,,,,40
2017,Australian Grand Prix,Daniel Ricciardo,Ultra soft,25,,,,,,,,,,,25
2017,Australian Grand Prix,Marcus Ericsson,Super soft,21,,,,,,,,,,,21
2017,Australian Grand Prix,Jolyon Palmer,Soft,15,,,,,,,,,,,15
2017,Australian Grand Prix,Romain Grosjean,Ultra soft,13,,,,,,,,,,,13
2015,Austrian Grand Prix,Nico Rosberg,Super soft,33,Soft,38,,,,,,,,,71
2015,Austrian Grand Prix,Lewis Hamilton,Super soft,35,Soft,36,,,,,,,,,71
2015,Austrian Grand Prix,Felipe Massa,Super soft,34,Soft,37,,,,,,,,,71
2015,Austrian Grand Prix,Sebastian Vettel,Super soft,36,Soft,35,,,,,,,,,71
2015,Austrian Grand Prix,Valtteri Bottas,Super soft,26,Soft,45,,,,,,,,,71
2015,Austrian Grand Prix,Nico Hulkenberg,Super soft,25,Soft,46,,,,,,,,,71
2015,Austrian Grand Prix,Pastor Maldonado,Soft,37,Super soft,33,,,,,,,,,70
2015,Austrian Grand Prix,Max Verstappen,Super soft,26,Soft,44,,,,,,,,,70
2015,Austrian Grand Prix,Sergio Perez,Soft,38,Super soft,32,,,,,,,,,70
2015,Austrian Grand Prix,Daniel Ricciardo,Soft,50,Super soft,20,,,,,,,,,70
2015,Austrian Grand Prix,Felipe Nasr,Super soft,24,Soft,,,,,,,,,,24
2015,Austrian Grand Prix,Daniil Kvyat,Super soft,1,Soft,44,Super soft,25,,,,,,,70
2015,Austrian Grand Prix,Marcus Ericsson,Super soft,2,Soft,10,Soft,33,Super soft,24,,,,,69
2015,Austrian Grand Prix,Roberto Merhi,Super soft,34,Soft,34,,,,,,,,,68
2015,Austrian Grand Prix,Romain Grosjean,Super soft,23,Soft,,,,,,,,,,23
2015,Austrian Grand Prix,Carlos Sainz,Super soft,25,Soft,,,,,,,,,,25
2015,Austrian Grand Prix,Jenson Button,Super soft,3,Soft,,,,,,,,,,3
2015,Austrian Grand Prix,Will Stevens,Super soft,,,,,,,,,,,,0
2015,Austrian Grand Prix,Kimi Raikkonen,,,,,,,,,,,,,0
2015,Austrian Grand Prix,Fernando Alonso,,,,,,,,,,,,,0
2016,Austrian Grand Prix,Lewis Hamilton,Ultra soft,21,Soft,33,Soft,17,,,,,,,71
2016,Austrian Grand Prix,Max Verstappen,Super soft,15,Soft,56,,,,,,,,,71
2016,Austrian Grand Prix,Kimi Raikkonen,Super soft,22,Soft,49,,,,,,,,,71
2016,Austrian Grand Prix,Nico Rosberg,Ultra soft,10,Soft,45,Super soft,16,,,,,,,71
2016,Austrian Grand Prix,Daniel Ricciardo,Super soft,14,Soft,46,Ultra soft,11,,,,,,,71
2016,Austrian Grand Prix,Jenson Button,Ultra soft,9,Soft,17,Soft,45,,,,,,,71
2016,Austrian Grand Prix,Romain Grosjean,Super soft,26,Soft,45,,,,,,,,,71
2016,Austrian Grand Prix,Carlos Sainz,Super soft,9,Soft,19,Soft,43,,,,,,,71
2016,Austrian Grand Prix,Valtteri Bottas,Ultra soft,9,Soft,42,Super soft,19,,,,,,,70
2016,Austrian Grand Prix,Pascal Wehrlein,Ultra soft,13,Ultra soft,10,Soft,47,,,,,,,70
2016,Austrian Grand Prix,Esteban Gutierrez,Super soft,21,Super soft,20,Soft,29,,,,,,,70
2016,Austrian Grand Prix,Jolyon Palmer,Super soft,12,Soft,38,Super soft,20,,,,,,,70
2016,Austrian Grand Prix,Felipe Nasr,Soft,43,Super soft,27,,,,,,,,,70
2016,Austrian Grand Prix,Kevin Magnussen,Super soft,11,Soft,38,Super soft,21,,,,,,,70
2016,Austrian Grand Prix,Marcus Ericsson,Super soft,12,Soft,38,Super soft,20,,,,,,,70
2016,Austrian Grand Prix,Rio Haryanto,Soft,27,Super soft,23,Super soft,20,,,,,,,70
2016,Austrian Grand Prix,Sergio Perez,Ultra soft,9,Super soft,17,Soft,43,,,,,,,69
2016,Austrian Grand Prix,Fernando Alonso,Super soft,8,Soft,18,Soft,38,,,,,,,64
2016,Austrian Grand Prix,Nico Hulkenberg,Ultra soft,8,Super soft,16,Soft,26,Ultra soft,14,,,,,64
2016,Austrian Grand Prix,Felipe Massa,Super soft,12,Soft,44,Super soft,7,,,,,,,63
2016,Austrian Grand Prix,Sebastian Vettel,Super soft,,,,,,,,,,,,0
2016,Austrian Grand Prix,Daniil Kvyat,Ultra soft,,,,,,,,,,,,0
2017,Austrian Grand Prix,Valtteri Bottas,Ultra soft,41,Super soft,30,,,,,,,,,71
2017,Austrian Grand Prix,Sebastian Vettel,Ultra soft,34,Super soft,37,,,,,,,,,71
2017,Austrian Grand Prix,Daniel Ricciardo,Ultra soft,33,Super soft,38,,,,,,,,,71
2017,Austrian Grand Prix,Lewis Hamilton,Super soft,31,Ultra soft,40,,,,,,,,,71
2017,Austrian Grand Prix,Kimi Raikkonen,Ultra soft,44,Super soft,27,,,,,,,,,71
2017,Austrian Grand Prix,Romain Grosjean,Ultra soft,36,Super soft,35,,,,,,,,,71
2017,Austrian Grand Prix,Sergio Perez,Ultra soft,35,Super soft,35,,,,,,,,,70
2017,Austrian Grand Prix,Esteban Ocon,Ultra soft,42,Super soft,28,,,,,,,,,70
2017,Austrian Grand Prix,Felipe Massa,Soft,47,Ultra soft,23,,,,,,,,,70
2017,Austrian Grand Prix,Lance Stroll,Super soft,35,Ultra soft,35,,,,,,,,,70
2017,Austrian Grand Prix,Jolyon Palmer,Soft,34,Ultra soft,36,,,,,,,,,70
2017,Austrian Grand Prix,Stoffel Vandoorne,Ultra soft,31,Super soft,39,,,,,,,,,70
2017,Austrian Grand Prix,Nico Hulkenberg,Super soft,14,Soft,56,,,,,,,,,70
2017,Austrian Grand Prix,Pascal Wehrlein,Super soft,35,Ultra soft,35,,,,,,,,,70
2017,Austrian Grand Prix,Marcus Ericsson,Ultra soft,34,Super soft,35,,,,,,,,,69
2017,Austrian Grand Prix,Daniil Kvyat,Ultra soft,1,Soft,54,Soft,13,,,,,,,68
2017,Austrian Grand Prix,Carlos Sainz,Ultra soft,40,Super soft,,,,,,,,,,40
2017,Austrian Grand Prix,Kevin Magnussen,Super soft,,,,,,,,,,,,0
2017,Austrian Grand Prix,Fernando Alonso,Ultra soft,,,,,,,,,,,,0
2017,Austrian Grand Prix,Max Verstappen,Ultra soft,,,,,,,,,,,,0
2016,Azerbaijan Grand Prix,Nico Rosberg,Super soft,21,Soft,30,,,,,,,,,51
2016,Azerbaijan Grand Prix,Sebastian Vettel,Super soft,20,Soft,31,,,,,,,,,51
2016,Azerbaijan Grand Prix,Sergio Perez,Super soft,16,Soft,35,,,,,,,,,51
2016,Azerbaijan Grand Prix,Kimi Raikkonen,Super soft,8,Soft,43,,,,,,,,,51
2016,Azerbaijan Grand Prix,Lewis Hamilton,Super soft,15,Soft,36,,,,,,,,,51
2016,Azerbaijan Grand Prix,Valtteri Bottas,Super soft,19,Soft,32,,,,,,,,,51
2016,Azerbaijan Grand Prix,Daniel Ricciardo,Super soft,6,Soft,16,Medium,29,,,,,,,51
2016,Azerbaijan Grand Prix,Max Verstappen,Super soft,5,Soft,15,Medium,31,,,,,,,51
2016,Azerbaijan Grand Prix,Nico Hulkenberg,Soft,20,Super soft,31,,,,,,,,,51
2016,Azerbaijan Grand Prix,Felipe Massa,Super soft,7,Soft,21,Soft,23,,,,,,,51
2016,Azerbaijan Grand Prix,Jenson Button,Super soft,6,Soft,19,Soft,26,,,,,,,51
2016,Azerbaijan Grand Prix,Felipe Nasr,Super soft,7,Soft,17,Soft,26,,,,,,,50
2016,Azerbaijan Grand Prix,Romain Grosjean,Super soft,10,Soft,16,Medium,24,,,,,,,50
2016,Azerbaijan Grand Prix,Kevin Magnussen,Super soft,6,Soft,44,,,,,,,,,50
2016,Azerbaijan Grand Prix,Jolyon Palmer,Super soft,11,Soft,20,Super soft,19,,,,,,,50
2016,Azerbaijan Grand Prix,Esteban Gutierrez,Super soft,8,Soft,21,Super soft,21,,,,,,,50
2016,Azerbaijan Grand Prix,Marcus Ericsson,Soft,16,Super soft,9,Soft,25,,,,,,,50
2016,Azerbaijan Grand Prix,Rio Haryanto,Super soft,1,Soft,48,,,,,,,,,49
2016,Azerbaijan Grand Prix,Fernando Alonso,Super soft,5,Soft,19,Soft,,,,,,,,24
2016,Azerbaijan Grand Prix,Pascal Wehrlein,Soft,29,Medium,,,,,,,,,,29
2016,Azerbaijan Grand Prix,Carlos Sainz,Super soft,4,Soft,23,Super soft,,,,,,,,27
2016,Azerbaijan Grand Prix,Daniil Kvyat,Super soft,5,Soft,,,,,,,,,,5
2017,Azerbaijan Grand Prix,Daniel Ricciardo,Super soft,5,Soft,8,Super soft,9,Super soft,29,,,,,51
2017,Azerbaijan Grand Prix,Valtteri Bottas,Super soft,1,Soft,10,Super soft,11,Super soft,29,,,,,51
2017,Azerbaijan Grand Prix,Lance Stroll,Super soft,13,Soft,9,Super soft,29,,,,,,,51
2017,Azerbaijan Grand Prix,Sebastian Vettel,Super soft,12,Soft,10,Super soft,11,,,,,,,33
2017,Azerbaijan Grand Prix,Lewis Hamilton,Super soft,12,Soft,10,Super soft,9,,,,,,,31
2017,Azerbaijan Grand Prix,Esteban Ocon,Super soft,12,Soft,8,Super soft,2,Super soft,29,,,,,51
2017,Azerbaijan Grand Prix,Kevin Magnussen,Super soft,12,Soft,10,Super soft,29,,,,,,,51
2017,Azerbaijan Grand Prix,Carlos Sainz,Super soft,12,Soft,10,Super soft,29,,,,,,,51
2017,Azerbaijan Grand Prix,Fernando Alonso,Super soft,12,Soft,10,Super soft,29,,,,,,,51
2017,Azerbaijan Grand Prix,Pascal Wehrlein,Super soft,12,Soft,1,Super soft,4,Super soft,4,,,,,21
2017,Azerbaijan Grand Prix,Marcus Ericsson,Soft,12,Super soft,5,Super soft,5,,,,,,,22
2017,Azerbaijan Grand Prix,Stoffel Vandoorne,Soft,5,Super soft,17,Super soft,11,Super soft,18,,,,,51
2017,Azerbaijan Grand Prix,Romain Grosjean,Soft,3,Super soft,11,Super soft,8,Super soft,14,,14,,,50
2017,Azerbaijan Grand Prix,Kimi Raikkonen,Super soft,12,Soft,8,Super soft,,,,,,,,20
2017,Azerbaijan Grand Prix,Sergio Perez,Super soft,12,Soft,8,Super soft,,,,,,,,20
2017,Azerbaijan Grand Prix,Felipe Massa,Super soft,12,Soft,10,Super soft,,,,,,,,22
2017,Azerbaijan Grand Prix,Nico Hulkenberg,Super soft,13,Soft,9,Super soft,,,,,,,,22
2017,Azerbaijan Grand Prix,Max Verstappen,Super soft,,,,,,,,,,,,0
2017,Azerbaijan Grand Prix,Daniil Kvyat,Super soft,,,,,,,,,,,,0
2017,Azerbaijan Grand Prix,Jolyon Palmer,Super soft,,,,,,,,,,,,0
2015,Bahrain Grand Prix,Lewis Hamilton,Soft,15,Soft,18,Medium,24,,,,,,,57
2015,Bahrain Grand Prix,Kimi Raikkonen,Soft,17,Medium,23,Soft,17,,,,,,,57
2015,Bahrain Grand Prix,Nico Rosberg,Soft,14,Soft,20,Medium,23,,,,,,,57
2015,Bahrain Grand Prix,Valtteri Bottas,Soft,14,Soft,19,Medium,24,,,,,,,57
2015,Bahrain Grand Prix,Sebastian Vettel,Soft,13,Soft,19,Medium,4,Medium,19,,,,,55
2015,Bahrain Grand Prix,Daniel Ricciardo,Soft,14,Soft,21,Medium,22,,,,,,,57
2015,Bahrain Grand Prix,Romain Grosjean,Soft,12,Soft,19,Medium,26,,,,,,,57
2015,Bahrain Grand Prix,Sergio Perez,Soft,17,Soft,20,Medium,20,,,,,,,57
2015,Bahrain Grand Prix,Daniil Kvyat,Soft,15,Soft,19,Medium,23,,,,,,,57
2015,Bahrain Grand Prix,Felipe Massa,Soft,10,Soft,14,Medium,33,,,,,,,57
2015,Bahrain Grand Prix,Fernando Alonso,Soft,13,Medium,22,Soft,22,,,,,,,57
2015,Bahrain Grand Prix,Felipe Nasr,Soft,10,Soft,14,Soft,17,Medium,14,,,,,55
2015,Bahrain Grand Prix,Nico Hulkenberg,Soft,10,Soft,15,Medium,13,Medium,17,,,,,55
2015,Bahrain Grand Prix,Marcus Ericsson,Soft,11,Soft,14,Soft,12,Medium,18,,,,,55
2015,Bahrain Grand Prix,Pastor Maldonado,Medium,10,Soft,14,Soft,17,Soft,14,,,,,55
2015,Bahrain Grand Prix,Will Stevens,Soft,19,Soft,14,Medium,24,,,,,,,57
2015,Bahrain Grand Prix,Roberto Merhi,Soft,18,Soft,16,Medium,23,,,,,,,57
2015,Bahrain Grand Prix,Max Verstappen,Soft,6,Medium,24,Soft,,,,,,,,30
2015,Bahrain Grand Prix,Carlos Sainz,Soft,11,Medium,,,,,,,,,,11
2016,Bahrain Grand Prix,Nico Rosberg,Super soft,13,Soft,17,Super soft,9,Soft,18,,,,,57
2016,Bahrain Grand Prix,Kimi Raikkonen,Super soft,12,Soft,17,Super soft,8,Soft,20,,,,,57
2016,Bahrain Grand Prix,Lewis Hamilton,Super soft,13,Medium,15,Super soft,13,Soft,16,,,,,57
2016,Bahrain Grand Prix,Daniel Ricciardo,Super soft,6,Soft,18,Soft,18,Medium,15,,,,,57
2016,Bahrain Grand Prix,Romain Grosjean,Super soft,11,Super soft,16,Super soft,13,Soft,17,,,,,57
2016,Bahrain Grand Prix,Max Verstappen,Super soft,10,Soft,16,Medium,20,Super soft,11,,,,,57
2016,Bahrain Grand Prix,Daniil Kvyat,Soft,16,Soft,18,Super soft,10,Super soft,12,,,,,56
2016,Bahrain Grand Prix,Felipe Massa,Super soft,7,Medium,22,Medium,27,,,,,,,56
2016,Bahrain Grand Prix,Valtteri Bottas,Super soft,8,Medium,26,Soft,22,,,,,,,56
2016,Bahrain Grand Prix,Stoffel Vandoorne,Super soft,9,Soft,16,Soft,16,Super soft,15,,,,,56
2016,Bahrain Grand Prix,Kevin Magnussen,Soft,12,Super soft,12,Super soft,14,Super soft,18,,,,,56
2016,Bahrain Grand Prix,Marcus Ericsson,Soft,13,Soft,16,Medium,27,,,,,,,56
2016,Bahrain Grand Prix,Pascal Wehrlein,Soft,11,Soft,18,Super soft,12,Super soft,15,,,,,56
2016,Bahrain Grand Prix,Felipe Nasr,Soft,10,Soft,20,Medium,17,Super soft,9,,,,,56
2016,Bahrain Grand Prix,Nico Hulkenberg,Super soft,1,Soft,15,Medium,19,Super soft,16,Super soft,5,,,56
2016,Bahrain Grand Prix,Sergio Perez,Super soft,2,Super soft,12,Soft,23,Super soft,19,,,,,56
2016,Bahrain Grand Prix,Rio Haryanto,Soft,12,Soft,19,Medium,13,Super soft,12,,,,,56
2016,Bahrain Grand Prix,Carlos Sainz,Soft,2,Medium,18,Soft,,,,,,,,20
2016,Bahrain Grand Prix,Esteban Gutierrez,Super soft,8,Super soft,,,,,,,,,,8
2016,Bahrain Grand Prix,Jenson Button,Super soft,,,,,,,,,,,,
2016,Bahrain Grand Prix,Sebastian Vettel,,,,,,,,,,,,,
2016,Bahrain Grand Prix,Jolyon Palmer,,,,,,,,,,,,,
2017,Bahrain Grand Prix,Sebastian Vettel,Super soft,10,Super soft,23,Soft,24,,,,,,,57
2017,Bahrain Grand Prix,Lewis Hamilton,Super soft,13,Soft,28,Soft,16,,,,,,,57
2017,Bahrain Grand Prix,Valtteri Bottas,Super soft,13,Super soft,17,Soft,27,,,,,,,57
2017,Bahrain Grand Prix,Kimi Raikkonen,Super soft,12,Super soft,25,Soft,20,,,,,,,57
2017,Bahrain Grand Prix,Daniel Ricciardo,Super soft,13,Soft,26,Super soft,18,,,,,,,57
2017,Bahrain Grand Prix,Felipe Massa,Super soft,13,Soft,24,Soft,20,,,,,,,57
2017,Bahrain Grand Prix,Sergio Perez,Super soft,13,Super soft,23,Soft,21,,,,,,,57
2017,Bahrain Grand Prix,Romain Grosjean,Super soft,12,Super soft,19,Soft,26,,,,,,,57
2017,Bahrain Grand Prix,Nico Hulkenberg,Super soft,13,Soft,23,Super soft,21,,,,,,,57
2017,Bahrain Grand Prix,Esteban Ocon,Super soft,11,Super soft,26,Soft,20,,,,,,,57
2017,Bahrain Grand Prix,Pascal Wehrlein,Super soft,11,Soft,45,,,,,,,,,56
2017,Bahrain Grand Prix,Daniil Kvyat,Super soft,13,Soft,28,Super soft,15,,,,,,,56
2017,Bahrain Grand Prix,Jolyon Palmer,Super soft,13,Soft,24,Super soft,19,,,,,,,56
2017,Bahrain Grand Prix,Fernando Alonso,Super soft,13,Soft,23,Super soft,18,,,,,,,54
2017,Bahrain Grand Prix,Marcus Ericsson,Soft,33,Super soft,,,,,,,,,,33
2017,Bahrain Grand Prix,Carlos Sainz,Super soft,12,Super soft,,,,,,,,,,12
2017,Bahrain Grand Prix,Lance Stroll,Super soft,8,Soft,,,,,,,,,,8
2017,Bahrain Grand Prix,Max Verstappen,Super soft,,,,,,,,,,,,0
2017,Bahrain Grand Prix,Kevin Magnussen,Super soft,,,,,,,,,,,,0
2017,Bahrain Grand Prix,Stoffel Vandoorne,,,,,,,,,,,,,0
2015,Belgian Grand Prix,Lewis Hamilton,Soft,13,Medium,17,Soft,13,,,,,,,43
2015,Belgian Grand Prix,Nico Rosberg,Soft,12,Medium,19,Soft,12,,,,,,,43
2015,Belgian Grand Prix,Romain Grosjean,Soft,9,Soft,12,Medium,22,,,,,,,43
2015,Belgian Grand Prix,Daniil Kvyat,Soft,9,Medium,18,Soft,16,,,,,,,43
2015,Belgian Grand Prix,Sergio Perez,Soft,8,Soft,12,Soft,23,Medium,,,,,,43
2015,Belgian Grand Prix,Felipe Massa,Soft,9,Medium,12,Medium,22,,,,,,,43
2015,Belgian Grand Prix,Kimi Raikkonen,Soft,11,Soft,10,Medium,22,,,,,,,43
2015,Belgian Grand Prix,Max Verstappen,Soft,9,Soft,12,Medium,11,Soft,11,,,,,43
2015,Belgian Grand Prix,Valtteri Bottas,Soft,8,Soft,7,Soft,6,Medium,22,Medium,, Medium,,43
2015,Belgian Grand Prix,Marcus Ericsson,Soft,9,Medium,19,Soft,15,,,,,,,43
2015,Belgian Grand Prix,Felipe Nasr,Medium,10,Soft,17,Soft,16,,,,,,,43
2015,Belgian Grand Prix,Sebastian Vettel,Soft,14,Medium,28,,,,,,,,,42
2015,Belgian Grand Prix,Fernando Alonso,Medium,8,Soft,12,Soft,12,Soft,10,,,,,42
2015,Belgian Grand Prix,Jenson Button,Medium,11,Soft,9,Soft,15,Soft,7,,,,,42
2015,Belgian Grand Prix,Roberto Merhi,Soft,15,Soft,14,Medium,13,,,,,,,42
2015,Belgian Grand Prix,Will Stevens,Soft,16,Soft,14,Medium,12,,,,,,,42
2015,Belgian Grand Prix,Carlos Sainz,Soft,5,Medium,8,Soft,,,,,,,,13
2015,Belgian Grand Prix,Daniel Ricciardo,Soft,7,Medium,,,,,,,,,,7
2015,Belgian Grand Prix,Pastor Maldonado,Soft,,,,,,,,,,,,0
2015,Belgian Grand Prix,Nico Hulkenberg,,,,,,,,,,,,,0
2016,Belgian Grand Prix,Nico Rosberg,Soft,9,Medium,17,Medium,18,,,,,,,44
2016,Belgian Grand Prix,Daniel Ricciardo,Soft,9,Soft,16,Medium,19,,,,,,,44
2016,Belgian Grand Prix,Lewis Hamilton,Medium,9,Soft,12,Soft,11,Medium,12,,,,,44
2016,Belgian Grand Prix,Nico Hulkenberg,Super soft,6,Soft,3,Medium,14,,,,,,,23
2016,Belgian Grand Prix,Sergio Perez,Super soft,6,Soft,18,Medium,20,,,,,,,44
2016,Belgian Grand Prix,Sebastian Vettel,Soft,1,Soft,22,Soft,21,,,,,,,44
2016,Belgian Grand Prix,Fernando Alonso,Medium,9,Soft,14,Medium,21,,,,,,,44
2016,Belgian Grand Prix,Valtteri Bottas,Super soft,7,Soft,16,Medium,21,,,,,,,44
2016,Belgian Grand Prix,Kimi Raikkonen,Soft,1,Super soft,4,Soft,19,Medium,20,,,,,44
2016,Belgian Grand Prix,Felipe Massa,Super soft,2,Soft,20,Medium,22,,,,,,,44
2016,Belgian Grand Prix,Max Verstappen,Super soft,1,Medium,15,Soft,11,Soft,17,,,,,44
2016,Belgian Grand Prix,Esteban Gutierrez,Soft,7,Soft,15,Medium,22,,,,,,,44
2016,Belgian Grand Prix,Romain Grosjean,Soft,6,Soft,17,Medium,21,,,,,,,44
2016,Belgian Grand Prix,Daniil Kvyat,Soft,9,Soft,21,Medium,14,Super soft,9,,,,,53
2016,Belgian Grand Prix,Jolyon Palmer,Soft,6,Soft,16,Medium,12,Super soft,10,,,,,44
2016,Belgian Grand Prix,Esteban Ocon,Soft,6,Medium,18,Medium,19,,,,,,,43
2016,Belgian Grand Prix,Felipe Nasr,Soft,1,Medium,8,Soft,14,Medium,20,,,,,43
2016,Belgian Grand Prix,Kevin Magnussen,Soft,5,,,,,,,,,,,5
2016,Belgian Grand Prix,Marcus Ericsson,Soft,3,,,,,,,,,,,3
2016,Belgian Grand Prix,Carlos Sainz,Soft,1,,,,,,,,,,,1
2016,Belgian Grand Prix,Jenson Button,Super soft,1,,,,,,,,,,,1
2016,Belgian Grand Prix,Pascal Wehrlein,,,,,,,,,,,,,0
2017,Belgian Grand Prix,Lewis Hamilton,Ultra soft,12,Soft,18,Soft,14,,,,,,,44
2017,Belgian Grand Prix,Sebastian Vettel,Ultra soft,14,Soft,16,Ultra soft,14,,,,,,,44
2017,Belgian Grand Prix,Daniel Ricciardo,Ultra soft,14,Super soft,16,Ultra soft,14,,,,,,,44
2017,Belgian Grand Prix,Kimi Raikkonen,Ultra soft,15,Soft,14,Ultra soft,15,,,,,,,44
2017,Belgian Grand Prix,Valtteri Bottas,Ultra soft,13,Soft,17,Soft,14,,,,,,,44
2017,Belgian Grand Prix,Nico Hulkenberg,Ultra soft,11,Soft,18,Ultra soft,15,,,,,,,44
2017,Belgian Grand Prix,Romain Grosjean,Ultra soft,10,Soft,19,Super soft,15,,,,,,,44
2017,Belgian Grand Prix,Felipe Massa,Super soft,11,Soft,18,Ultra soft,15,,,,,,,44
2017,Belgian Grand Prix,Esteban Ocon,Ultra soft,10,Super soft,17,Super soft,2,Ultra soft,15,,,,,44
2017,Belgian Grand Prix,Carlos Sainz,Ultra soft,19,Soft,10,Super soft,15,,,,,,,44
2017,Belgian Grand Prix,Lance Stroll,Super soft,9,Soft,20,Ultra soft,15,,,,,,,44
2017,Belgian Grand Prix,Daniil Kvyat,Super soft,18,Ultra soft,12,Ultra soft,14,,,,,,,44
2017,Belgian Grand Prix,Jolyon Palmer,Ultra soft,8,Soft,22,Ultra soft,14,,,,,,,44
2017,Belgian Grand Prix,Stoffel Vandoorne,Super soft,18,Ultra soft,12,Ultra soft,14,,,,,,,44
2017,Belgian Grand Prix,Kevin Magnussen,Ultra soft,9,Soft,21,Super soft,4,Ultra soft,10,,,,,44
2017,Belgian Grand Prix,Marcus Ericsson,Super soft,8,Soft,15,Soft,6,Ultra soft,15,,,,,44
2017,Belgian Grand Prix,Sergio Perez,Ultra soft,12,Super soft,13,Super soft,4,Ultra soft,,,,,,29
2017,Belgian Grand Prix,Fernando Alonso,Ultra soft,10,Soft,15,,,,,,,,,25
2017,Belgian Grand Prix,Max Verstappen,Ultra soft,7,,,,,,,,,,,7
2017,Belgian Grand Prix,Pascal Wehrlein,Soft,2,,,,,,,,,,,2
2015,Brazilian Grand Prix,Nico Rosberg,Soft,13,Medium,20,Medium,15,Medium,23,,,,,71
2015,Brazilian Grand Prix,Lewis Hamilton,Soft,14,Medium,20,Medium,15,Medium,22,,,,,71
2015,Brazilian Grand Prix,Sebastian Vettel,Soft,13,Medium,19,Soft,15,Medium,24,,,,,71
2015,Brazilian Grand Prix,Kimi Raikkonen,Soft,12,Medium,34,Medium,25,,,,,,,71
2015,Brazilian Grand Prix,Valtteri Bottas,Soft,11,Medium,30,Medium,29,,,,,,,70
2015,Brazilian Grand Prix,Nico Hulkenberg,Soft,9,Medium,26,Medium,35,,,,,,,70
2015,Brazilian Grand Prix,Daniil Kvyat,Soft,10,Medium,29,Medium,31,,,,,,,70
2015,Brazilian Grand Prix,Felipe Massa,Soft,10,Medium,28,Medium,17,Medium,15,,,,,70
2015,Brazilian Grand Prix,Romain Grosjean,Soft,10,Medium,25,Medium,19,Soft,16,,,,,70
2015,Brazilian Grand Prix,Max Verstappen,Soft,11,Medium,23,Medium,19,Soft,17,,,,,70
2015,Brazilian Grand Prix,Pastor Maldonado,Medium,25,Soft,19,Medium,26,,,,,,,70
2015,Brazilian Grand Prix,Daniel Ricciardo,Soft,3,Medium,25,Medium,24,Soft,18,,,,,70
2015,Brazilian Grand Prix,Sergio Perez,Soft,10,Medium,23,Medium,18,Soft,19,,,,,70
2015,Brazilian Grand Prix,Felipe Nasr,Soft,14,Medium,25,Medium,31,,,,,,,70
2015,Brazilian Grand Prix,Jenson Button,Soft,12,Medium,19,Medium,20,Soft,19,,,,,70
2015,Brazilian Grand Prix,Fernando Alonso,Soft,13,Medium,19,Medium,20,Soft,18,,,,,70
2015,Brazilian Grand Prix,Marcus Ericsson,Soft,12,Medium,20,Medium,21,Soft,16,,,,,69
2015,Brazilian Grand Prix,Will Stevens,Soft,15,Medium,25,Medium,27,,,,,,,67
2015,Brazilian Grand Prix,Alexander Rossi,Soft,14,Medium,27,Medium,26,,,,,,,67
2015,Brazilian Grand Prix,Carlos Sainz,,,,,,,,,,,,,0
2016,Brazilian Grand Prix,Lewis Hamilton,Wet,20,Wet,8,Wet,43,,,,,,,71
2016,Brazilian Grand Prix,Nico Rosberg,Wet,20,Wet,8,Wet,43,,,,,,,71
2016,Brazilian Grand Prix,Max Verstappen,Wet,13,Intermediate,7,Wet,8,Wet,15,Intermediate,11,Wet,17,71
2016,Brazilian Grand Prix,Sergio Perez,Wet,20,Wet,8,Wet,43,,,,,,,71
2016,Brazilian Grand Prix,Sebastian Vettel,Wet,10,Intermediate,10,Wet,8,Wet,43,,,,,71
2016,Brazilian Grand Prix,Carlos Sainz,Wet,20,Wet,8,Wet,43,,,,,,,71
2016,Brazilian Grand Prix,Nico Hulkenberg,Wet,20,Wet,2,Wet,6,Wet,43,,,,,71
2016,Brazilian Grand Prix,Daniel Ricciardo,Wet,13,Intermediate,7,Wet,8,Wet,12,Wet,19,,,40
2016,Brazilian Grand Prix,Felipe Nasr,Wet,20,Wet,8,Wet,43,,,,,,,71
2016,Brazilian Grand Prix,Fernando Alonso,Wet,9,Intermediate,11,Wet,8,Wet,43,,,,,71
2016,Brazilian Grand Prix,Valtteri Bottas,Wet,9,Intermediate,11,Wet,8,Wet,10,,,,,38
2016,Brazilian Grand Prix,Esteban Ocon,Wet,20,Wet,8,Wet,43,,,,,,,71
2016,Brazilian Grand Prix,Daniil Kvyat,Wet,9,Intermediate,8,Intermediate,3,Wet,8,,,,,28
2016,Brazilian Grand Prix,Kevin Magnussen,Wet,7,Intermediate,13,Wet,8,Wet,13,,,,,41
2016,Brazilian Grand Prix,Pascal Wehrlein,Wet,20,Wet,8,Wet,24,Wet,19,,,,,71
2016,Brazilian Grand Prix,Jenson Button,Wet,8,Intermediate,12,Wet,8,Wet,6,Intermediate,10,Wet,27,61
2016,Brazilian Grand Prix,Esteban Gutierrez,Wet,12,Intermediate,8,Wet,8,Wet,32,Wet,,,,60
2016,Brazilian Grand Prix,Felipe Massa,Wet,9,Intermediate,11,Wet,8,Wet,3,Intermediate,,,,31
2016,Brazilian Grand Prix,Jolyon Palmer,Wet,9,Intermediate,8,Wet,,,,,,,,17
2016,Brazilian Grand Prix,Kimi Raikkonen,Wet,,,,,,,,,,,,0
2016,Brazilian Grand Prix,Marcus Ericsson,Wet,9,Intermediate,,,,,,,,,,9
2016,Brazilian Grand Prix,Romain Grosjean,,,,,,,,,,,,,
2017,Brazilian Grand Prix,Sebastian Vettel,Super soft,28,Soft,43,,,,,,,,,71
2017,Brazilian Grand Prix,Valtteri Bottas,Super soft,27,Soft,44,,,,,,,,,71
2017,Brazilian Grand Prix,Kimi Raikkonen,Super soft,29,Soft,42,,,,,,,,,71
2017,Brazilian Grand Prix,Lewis Hamilton,Soft,43,Super soft,28,,,,,,,,,71
2017,Brazilian Grand Prix,Max Verstappen,Super soft,28,Soft,34,Super soft,9,,,,,,,71
2017,Brazilian Grand Prix,Daniel Ricciardo,Soft,1,Soft,42,Super soft,28,,,,,,,71
2017,Brazilian Grand Prix,Felipe Massa,Super soft,27,Soft,44,,,,,,,,,71
2017,Brazilian Grand Prix,Fernando Alonso,Super soft,28,Soft,43,,,,,,,,,71
2017,Brazilian Grand Prix,Sergio Perez,Super soft,35,Soft,36,,,,,,,,,71
2017,Brazilian Grand Prix,Nico Hulkenberg,Super soft,30,Soft,41,,,,,,,,,71
2017,Brazilian Grand Prix,Carlos Sainz,Super soft,31,Soft,40,,,,,,,,,71
2017,Brazilian Grand Prix,Pierre Gasly,Soft,44,Super soft,27,,,,,,,,,71
2017,Brazilian Grand Prix,Marcus Ericsson,Soft,44,Super soft,27,,,,,,,,,71
2017,Brazilian Grand Prix,Pascal Wehrlein,Super soft,1,Soft,70,,,,,,,,,71
2017,Brazilian Grand Prix,Romain Grosjean,Super soft,1,Soft,48,,,,,,,,,49
2017,Brazilian Grand Prix,Lance Stroll,Super soft,28,Super soft,39,Super soft,4,,,,,,,71
2017,Brazilian Grand Prix,Brendon Hartley,Super soft,27,Soft,,,,,,,,,,27
2017,Brazilian Grand Prix,Esteban Ocon,Super soft,,,,,,,,,,,,0
2017,Brazilian Grand Prix,Stoffel Vandoorne,Super soft,,,,,,,,,,,,0
2017,Brazilian Grand Prix,Kevin Magnussen,Super soft,,,,,,,,,,,,0
2015,British Grand Prix,Lewis Hamilton,Medium,19,Hard,24,Intermediate,9,,,,,,,52
2015,British Grand Prix,Nico Rosberg,Medium,20,Hard,24,Intermediate,8,,,,,,,52
2015,British Grand Prix,Sebastian Vettel,Medium,14,Hard,29,Intermediate,9,,,,,,,52
2015,British Grand Prix,Felipe Massa,Medium,20,Hard,24,Intermediate,8,,,,,,,52
2015,British Grand Prix,Valtteri Bottas,Medium,21,Hard,23,Intermediate,8,,,,,,,52
2015,British Grand Prix,Daniil Kvyat,Medium,18,Hard,26,Intermediate,8,,,,,,,52
2015,British Grand Prix,Nico Hulkenberg,Medium,19,Hard,25,Intermediate,8,,,,,,,52
2015,British Grand Prix,Kimi Raikkonen,Medium,13,Hard,25,Intermediate,9,Intermediate,4,,,,,51
2015,British Grand Prix,Sergio Perez,Medium,20,Hard,24,Intermediate,7,,,,,,,51
2015,British Grand Prix,Fernando Alonso,Medium,1,Hard,16,Medium,20,Intermediate,14,,,,,51
2015,British Grand Prix,Marcus Ericsson,Medium,23,Hard,14,Intermediate,4,Medium,1,Intermediate,9,,,51
2015,British Grand Prix,Roberto Merhi,Medium,36,Intermediate,8,Intermediate,5,Intermediate,,,,,,49
2015,British Grand Prix,Will Stevens,Medium,36,Intermediate,8,Intermediate,,,,,,,,44
2015,British Grand Prix,Carlos Sainz,Medium,12,Hard,19,,,,,,,,,31
2015,British Grand Prix,Daniel Ricciardo,Medium,11,Hard,9, Hard,,,,,,,,20
2015,British Grand Prix,Max Verstappen,Hard,,,,,,,,,,,,0
2015,British Grand Prix,Pastor Maldonado,,,,,,,,,,,,,0
2015,British Grand Prix,Romain Grosjean,,,,,,,,,,,,,0
2015,British Grand Prix,Felipe Nasr,,,,,,,,,,,,,0
2015,British Grand Prix,Jenson Button,,,,,,,,,,,,,0
2016,British Grand Prix,Lewis Hamilton,Wet,7,Intermediate,10,Medium,35,,,,,,,52
2016,British Grand Prix,Nico Rosberg,Wet,7,Intermediate,10,Medium,35,,,,,,,52
2016,British Grand Prix,Max Verstappen,Wet,7,Intermediate,11,Medium,34,,,,,,,52
2016,British Grand Prix,Daniel Ricciardo,Wet,6,Intermediate,11,Medium,35,,,,,,,52
2016,British Grand Prix,Kimi Raikkonen,Wet,5,Intermediate,11,Medium,36,,,,,,,52
2016,British Grand Prix,Sergio Perez,Wet,7,Intermediate,10,Medium,35,,,,,,,52
2016,British Grand Prix,Nico Hulkenberg,Wet,5,Intermediate,12,Medium,35,,,,,,,52
2016,British Grand Prix,Carlos Sainz,Wet,5,Intermediate,12,Medium,35,,,,,,,52
2016,British Grand Prix,Sebastian Vettel,Wet,5,Intermediate,10,Medium,37,,,,,,,52
2016,British Grand Prix,Daniil Kvyat,Wet,6,Intermediate,10,Medium,36,,,,,,,52
2016,British Grand Prix,Felipe Massa,Wet,6,Intermediate,10,Medium,22,Soft,13,,,,,51
2016,British Grand Prix,Jenson Button,Wet,6,Intermediate,11,Medium,34,,,,,,,51
2016,British Grand Prix,Fernando Alonso,Wet,5,Intermediate,12,Medium,22,Medium,12,,,,,51
2016,British Grand Prix,Valtteri Bottas,Wet,5,Intermediate,11,Medium,35,,,,,,,51
2016,British Grand Prix,Felipe Nasr,Wet,7,Intermediate,9,Medium,35,,,,,,,51
2016,British Grand Prix,Esteban Gutierrez,Wet,5,Intermediate,12,Medium,34,,,,,,,51
2016,British Grand Prix,Kevin Magnussen,Wet,5,Intermediate,12,Medium,23,Soft,,,,,,40
2016,British Grand Prix,Jolyon Palmer,Wet,6,Intermediate,10,Medium,3,Medium,,,,,,19
2016,British Grand Prix,Rio Haryanto,Wet,6,Intermediate,11,Medium,,,,,,,,17
2016,British Grand Prix,Romain Grosjean,Wet,5,Intermediate,11,Medium,,,,,,,,16
2016,British Grand Prix,Marcus Ericsson,Wet,7,Intermediate,3,Intermediate,,,,,,,,10
2016,British Grand Prix,Pascal Wehrlein,Wet,5,Intermediate,,,,,,,,,,5
2017,British Grand Prix,Lewis Hamilton,Super soft,25,Soft,26,,,,,,,,,51
2017,British Grand Prix,Valtteri Bottas,Soft,32,Super soft,19,,,,,,,,,51
2017,British Grand Prix,Kimi Raikkonen,Super soft,24,Soft,25,Super soft,2,,,,,,,51
2017,British Grand Prix,Max Verstappen,Super soft,19,Soft,30,Super soft,2,,,,,,,51
2017,British Grand Prix,Daniel Ricciardo,Super soft,32,Soft,19,,,,,,,,,51
2017,British Grand Prix,Nico Hulkenberg,Super soft,24,Soft,27,,,,,,,,,51
2017,British Grand Prix,Sebastian Vettel,Super soft,18,Soft,32,Super soft,1,,,,,,,51
2017,British Grand Prix,Esteban Ocon,Super soft,20,Soft,30,,,,,,,,,50
2017,British Grand Prix,Sergio Perez,Super soft,23,Soft,27,,,,,,,,,50
2017,British Grand Prix,Felipe Massa,Soft,25,Super soft,25,,,,,,,,,50
2017,British Grand Prix,Stoffel Vandoorne,Super soft,26,Soft,24,,,,,,,,,50
2017,British Grand Prix,Kevin Magnussen,Soft,37,Super soft,13,,,,,,,,,50
2017,British Grand Prix,Romain Grosjean,Super soft,23,Soft,20,Super soft,7,,,,,,,50
2017,British Grand Prix,Marcus Ericsson,Soft,28,Super soft,22,,,,,,,,,50
2017,British Grand Prix,Daniil Kvyat,Super soft,1,Soft,26,Super soft,23,,,,,,,50
2017,British Grand Prix,Lance Stroll,Soft,22,Super soft,20,Super soft,8,,,,,,,50
2017,British Grand Prix,Pascal Wehrlein,Soft,2,Medium,1,Soft,28,Super soft,19,,,,,50
2017,British Grand Prix,Fernando Alonso,Super soft,20,Soft,,,,,,,,,,20
2017,British Grand Prix,Carlos Sainz,Super soft,,,,,,,,,,,,0
2017,British Grand Prix,Jolyon Palmer,Super soft,,,,,,,,,,,,0
2015,Canadian Grand Prix,Lewis Hamilton,Super soft,29,Soft,41,,,,,,,,,70
2015,Canadian Grand Prix,Nico Rosberg,Super soft,30,Soft,40,,,,,,,,,70
2015,Canadian Grand Prix,Valtteri Bottas,Super soft,28,Soft,42,,,,,,,,,70
2015,Canadian Grand Prix,Kimi Raikkonen,Super soft,26,Soft,14,Super soft,30,,,,,,,70
2015,Canadian Grand Prix,Sebastian Vettel,Super soft,7,Soft,28,Soft,35,,,,,,,70
2015,Canadian Grand Prix,Felipe Massa,Soft,37,Super soft,33,,,,,,,,,70
2015,Canadian Grand Prix,Pastor Maldonado,Super soft,17,Soft,53,,,,,,,,,70
2015,Canadian Grand Prix,Nico Hulkenberg,Super soft,28,Soft,41,,,,,,,,,69
2015,Canadian Grand Prix,Daniil Kvyat,Super soft,27,Soft,42,,,,,,,,,69
2015,Canadian Grand Prix,Romain Grosjean,Super soft,27,Soft,22,Soft,29,,,,,,,78
2015,Canadian Grand Prix,Sergio Perez,Super soft,24,Soft,45,,,,,,,,,69
2015,Canadian Grand Prix,Carlos Sainz,Super soft,27,Soft,42,,,,,,,,,69
2015,Canadian Grand Prix,Daniel Ricciardo,Super soft,23,Soft,46,,,,,,,,,69
2015,Canadian Grand Prix,Marcus Ericsson,Super soft,28,Soft,41,,,,,,,,,69
2015,Canadian Grand Prix,Max Verstappen,Soft,39,Super soft,30,,,,,,,,,69
2015,Canadian Grand Prix,Felipe Nasr,Super soft,26,Soft,42,,,,,,,,,68
2015,Canadian Grand Prix,Will Stevens,Soft,34,Super soft,13,Super soft,19,,,,,,,66
2015,Canadian Grand Prix,Roberto Merhi,Soft,35,Super soft,,,,,,,,,,35
2015,Canadian Grand Prix,Jenson Button,Soft,44,Soft,,,,,,,,,,44
2015,Canadian Grand Prix,Fernando Alonso,Super soft,31,Soft,,,,,,,,,,31
2016,Canadian Grand Prix,Lewis Hamilton,Ultra soft,24,Soft,46,,,,,,,,,70
2016,Canadian Grand Prix,Sebastian Vettel,Ultra soft,11,Super soft,26,Soft,33,,,,,,,70
2016,Canadian Grand Prix,Valtteri Bottas,Ultra soft,23,Soft,47,,,,,,,,,70
2016,Canadian Grand Prix,Max Verstappen,Ultra soft,20,Soft,26,Ultra soft,24,,,,,,,70
2016,Canadian Grand Prix,Nico Rosberg,Ultra soft,21,Soft,30,Soft,19,,,,,,,70
2016,Canadian Grand Prix,Kimi Raikkonen,Ultra soft,11,Super soft,22,Soft,37,,,,,,,70
2016,Canadian Grand Prix,Daniel Ricciardo,Ultra soft,21,Soft,17,Soft,32,,,,,,,70
2016,Canadian Grand Prix,Nico Hulkenberg,Ultra soft,21,Soft,30,Soft,18,,,,,,,69
2016,Canadian Grand Prix,Carlos Sainz,Ultra soft,13,Soft,35,Ultra soft,21,,,,,,,69
2016,Canadian Grand Prix,Sergio Perez,Soft,30,Super soft,16,Soft,23,,,,,,,69
2016,Canadian Grand Prix,Fernando Alonso,Ultra soft,17,Soft,52,,,,,,,,,69
2016,Canadian Grand Prix,Daniil Kvyat,Ultra soft,17,Soft,27,Ultra soft,25,,,,,,,69
2016,Canadian Grand Prix,Esteban Gutierrez,Ultra soft,13,Soft,28,Ultra soft,27,,,,,,,68
2016,Canadian Grand Prix,Romain Grosjean,Ultra soft,17,Soft,22,Ultra soft,7,Ultra soft,22,,,,,68
2016,Canadian Grand Prix,Marcus Ericsson,Ultra soft,14,Soft,25,Soft,29,,,,,,,68
2016,Canadian Grand Prix,Kevin Magnussen,Soft,39,Ultra soft,29,,,,,,,,,68
2016,Canadian Grand Prix,Pascal Wehrlein,Ultra soft,11,Soft,27,Soft,30,,,,,,,68
2016,Canadian Grand Prix,Felipe Nasr,Ultra soft,9,Soft,26,Soft,33,,,,,,,68
2016,Canadian Grand Prix,Rio Haryanto,Super soft,15,Soft,29,Soft,24,,,,,,,68
2016,Canadian Grand Prix,Felipe Massa,Ultra soft,22,Soft,,,,,,,,,,22
2016,Canadian Grand Prix,Jolyon Palmer,Ultra soft,,,,,,,,,,,,0
2016,Canadian Grand Prix,Jenson Button,Super soft,,,,,,,,,,,,0
2017,Canadian Grand Prix,Lewis Hamilton,Ultra soft,32,Super soft,38,,,,,,,,,70
2017,Canadian Grand Prix,Valtteri Bottas,Ultra soft,23,Soft,47,,,,,,,,,70
2017,Canadian Grand Prix,Daniel Ricciardo,Ultra soft,18,Soft,52,,,,,,,,,70
2017,Canadian Grand Prix,Sebastian Vettel,Ultra soft,5,Super soft,44,Ultra soft,21,,,,,,,70
2017,Canadian Grand Prix,Sergio Perez,Ultra soft,19,Super soft,51,,,,,,,,,70
2017,Canadian Grand Prix,Esteban Ocon,Ultra soft,32,Super soft,38,,,,,,,,,70
2017,Canadian Grand Prix,Kimi Raikkonen,Ultra soft,17,Super soft,24,Ultra soft,29,,,,,,,70
2017,Canadian Grand Prix,Nico Hulkenberg,Ultra soft,11,Super soft,59,,,,,,,,,70
2017,Canadian Grand Prix,Lance Stroll,Ultra soft,25,Super soft,44,,,,,,,,,69
2017,Canadian Grand Prix,Romain Grosjean,Ultra soft,1,Super soft,68,,,,,,,,,69
2017,Canadian Grand Prix,Jolyon Palmer,Ultra soft,11,Super soft,58,,,,,,,,,69
2017,Canadian Grand Prix,Kevin Magnussen,Super soft,46,Ultra soft,23,,,,,,,,,69
2017,Canadian Grand Prix,Marcus Ericsson,Ultra soft,11,Super soft,58,,,,,,,,,69
2017,Canadian Grand Prix,Stoffel Vandoorne,Ultra soft,45,Super soft,24,,,,,,,,,69
2017,Canadian Grand Prix,Pascal Wehrlein,Super soft,1,Ultra soft,39,Ultra soft,28,,,,,,,68
2017,Canadian Grand Prix,Fernando Alonso,Ultra soft,42,Super soft,24,,,,,,,,,66
2017,Canadian Grand Prix,Daniil Kvyat,Ultra soft,15,Ultra soft,38,Soft,,,,,,,,53
2017,Canadian Grand Prix,Max Verstappen,Ultra soft,,,,,,,,,,,,0
2017,Canadian Grand Prix,Felipe Massa,Ultra soft,,,,,,,,,,,,0
2017,Canadian Grand Prix,Carlos Sainz,Ultra soft,,,,,,,,,,,,0
2015,Chinese Grand Prix,Carlos Sainz,Medium,19,Soft,20,Soft,17,,,,,,,56
2015,Chinese Grand Prix,Daniel Ricciardo,Soft,14,Soft,22,Medium,20,,,,,,,56
2015,Chinese Grand Prix,Daniil Kvyat,Medium,,,,,,,,,,,,0
2015,Chinese Grand Prix,Felipe Massa,Soft,13,Medium,21,Medium,22,,,,,,,56
2015,Chinese Grand Prix,Felipe Nasr,Soft,10,Medium,21,Medium,25,,,,,,,56
2015,Chinese Grand Prix,Fernando Alonso,Soft,12,Medium,23,Soft,21,,,,,,,56
2015,Chinese Grand Prix,Jenson Button,Soft,14,Soft,18,Medium,24,,,,,,,56
2015,Chinese Grand Prix,Kimi Raikkonen,Soft,15,Soft,19,Medium,22,,,,,,,56
2015,Chinese Grand Prix,Lewis Hamilton,Soft,14,Soft,19,Medium,23,,,,,,,56
2015,Chinese Grand Prix,Marcus Ericsson,Soft,14,Soft,16,Medium,26,,,,,,,56
2015,Chinese Grand Prix,Max Verstappen,Soft,12,Medium,20,Soft,24,,,,,,,56
2015,Chinese Grand Prix,Nico Hulkenberg,Soft,,,,,,,,,,,,0
2015,Chinese Grand Prix,Nico Rosberg,Soft,15,Soft,16,Medium,25,,,,,,,56
2015,Chinese Grand Prix,Pastor Maldonado,Soft,11,Medium,22,Medium,,,,,,,,33
2015,Chinese Grand Prix,Roberto Merhi,Soft,17,Medium,23,Soft,16,,,,,,,56
2015,Chinese Grand Prix,Romain Grosjean,Soft,12,Medium,20,Medium,24,,,,,,,56
2015,Chinese Grand Prix,Sebastian Vettel,Soft,13,Soft,17,Medium,26,,,,,,,56
2015,Chinese Grand Prix,Sergio Perez,Soft,11,Soft,15,Soft,15,Medium,15,,,,,56
2015,Chinese Grand Prix,Valtteri Bottas,Soft,14,Medium,21,Medium,21,,,,,,,56
2015,Chinese Grand Prix,Will Stevens,Soft,16,Medium,22,Soft,18,,,,,,,56
2016,Chinese Grand Prix,Carlos Sainz,Super soft,4,Soft,15,Soft,14,Medium,23,,,,,56
2016,Chinese Grand Prix,Daniel Ricciardo,Super soft,3,Soft,16,Soft,18,Medium,19,,,,,56
2016,Chinese Grand Prix,Daniil Kvyat,Super soft,4,Soft,15,Soft,16,Medium,21,,,,,56
2016,Chinese Grand Prix,Esteban Gutierrez,Soft,19,Soft,15,Super soft,9,Super soft,12,,,,,55
2016,Chinese Grand Prix,Felipe Massa,Soft,19,Soft,12,Medium,25,,,,,,,56
2016,Chinese Grand Prix,Felipe Nasr,Soft,1,Medium,19,Medium,20,Soft,15,,,,,55
2016,Chinese Grand Prix,Fernando Alonso,Soft,16,Medium,16,Medium,24,,,,,,,56
2016,Chinese Grand Prix,Jenson Button,Super soft,4,Medium,23,Medium,17,Super soft,12,,,,,56
2016,Chinese Grand Prix,Jolyon Palmer,Soft,15,Super soft,9,Soft,14,Medium,17,,,,,55
2016,Chinese Grand Prix,Kevin Magnussen,Super soft,4,Soft,16,Soft,15,Medium,20,,,,,55
2016,Chinese Grand Prix,Kimi Raikkonen,Super soft,1,Soft,13,Medium,23,Soft,19,,,,,56
2016,Chinese Grand Prix,Lewis Hamilton,Soft,1,Soft,4,Super soft,1,Soft,15,Soft,9,Medium,26,56
2016,Chinese Grand Prix,Marcus Ericsson,Soft,4,Medium,24,Medium,27,,,,,,,55
2016,Chinese Grand Prix,Max Verstappen,Super soft,4,Soft,16,Medium,19,Soft,17,,,,,56
2016,Chinese Grand Prix,Nico Hulkenberg,Super soft,4,Soft,13,Soft,9,Medium,20,Super soft,9,,,55
2016,Chinese Grand Prix,Nico Rosberg,Soft,20,Soft,16,Medium,20,,,,,,,56
2016,Chinese Grand Prix,Pascal Wehrlein,Soft,15,Soft,12,Soft,16,Super soft,12,,,,,55
2016,Chinese Grand Prix,Rio Haryanto,Soft,18,Soft,10,Soft,12,Medium,15,,,,,55
2016,Chinese Grand Prix,Romain Grosjean,Soft,1,Soft,19,Soft,13,Super soft,11,Super soft,11,,,55
2016,Chinese Grand Prix,Sebastian Vettel,Super soft,4,Super soft,13,Soft,18,Soft,21,,,,,56
2016,Chinese Grand Prix,Sergio Perez,Super soft,4,Soft,14,Soft,10,Medium,28,,,,,56
2016,Chinese Grand Prix,Valtteri Bottas,Super soft,4,Soft,17,Soft,9,Medium,26,,,,,56
2017,Chinese Grand Prix,Lewis Hamilton,Wet,4,Soft,32,Soft,20,,,,,,,
2017,Chinese Grand Prix,Sebastian Vettel,Wet,2,Soft,32,Soft,22,,,,,,,
2017,Chinese Grand Prix,Max Verstappen,Wet,4,Super soft,25,Super soft,27,,,,,,,
2017,Chinese Grand Prix,Daniel Ricciardo,Wet,4,Super soft,29,Super soft,23,,,,,,,
2017,Chinese Grand Prix,Kimi Raikkonen,Wet,4,Soft,35,Super soft,17,,,,,,,
2017,Chinese Grand Prix,Valtteri Bottas,Wet,4,Soft,31,Soft,21,,,,,,,
2017,Chinese Grand Prix,Carlos Sainz,Soft,28,Super soft,28,,,,,,,,,
2017,Chinese Grand Prix,Kevin Magnussen,Wet,2,Super soft,30,Super soft,24,,,,,,,
2017,Chinese Grand Prix,Sergio Perez,Wet,2,Super soft,18,Super soft,29,Super soft,7,,,,,
2017,Chinese Grand Prix,Esteban Ocon,Wet,2,Soft,40,Super soft,14,,,,,,,
2017,Chinese Grand Prix,Romain Grosjean,Wet,2,Super soft,3,Super soft,21,Super soft,21,,,,,
2017,Chinese Grand Prix,Nico Hulkenberg,Wet,1,Soft,32,Super soft,23,,,,,,,
2017,Chinese Grand Prix,Jolyon Palmer,Soft,30,Soft,26,Soft,26,,,,,,,
2017,Chinese Grand Prix,Felipe Massa,Wet,2,Soft,22,Super soft,24,Super soft,8,,,,,
2017,Chinese Grand Prix,Marcus Ericsson,Wet,2,Soft,54,,,,,,,,,
2017,Chinese Grand Prix,Fernando Alonso,Wet,2,Soft,,,,,,,,,,
2017,Chinese Grand Prix,Daniil Kvyat,Wet,2,Soft,,,,,,,,,,
2017,Chinese Grand Prix,Stoffel Vandoorne,Wet,2,Soft,,,,,,,,,,
2017,Chinese Grand Prix,Antonio Giovinazzi,Wet,2,Soft,,,,,,,,,,
2017,Chinese Grand Prix,Lance Stroll,Wet,,,,,,,,,,,,
2015,Hungarian Grand Prix,Sebastian Vettel,Soft,21,Soft,22,Medium,26,,,,,,,69
2015,Hungarian Grand Prix,Daniil Kvyat,Soft,13,Medium,20,Soft,36,,,,,,,69
2015,Hungarian Grand Prix,Daniel Ricciardo,Soft,21,Medium,21,Soft,22,Soft,5,Soft,,,,69
2015,Hungarian Grand Prix,Max Verstappen,Soft,14,Soft,23,Soft,9,Medium,23,Soft,,,,69
2015,Hungarian Grand Prix,Fernando Alonso,Soft,15,Soft,21,Medium,7,Soft,26,,,,,69
2015,Hungarian Grand Prix,Lewis Hamilton,Soft,19,Soft,23,Soft,9,Medium,18,Soft,,,,69
2015,Hungarian Grand Prix,Romain Grosjean,Soft,14,Soft,20,Medium,8,Soft,27,,,,,69
2015,Hungarian Grand Prix,Nico Rosberg,Soft,20,Medium,22,Medium,22,Soft,5,,,,,69
2015,Hungarian Grand Prix,Jenson Button,Soft,14,Soft,21,Medium,34,,,,,,,69
2015,Hungarian Grand Prix,Marcus Ericsson,Soft,16,Soft,17,Medium,8,Soft,28,,,,,69
2015,Hungarian Grand Prix,Felipe Nasr,Soft,14,Soft,18,Medium,10,Soft,27,,,,,69
2015,Hungarian Grand Prix,Felipe Massa,Soft,14,Medium,15,Soft,25,Soft,15,Soft,,,,69
2015,Hungarian Grand Prix,Valtteri Bottas,Soft,13,Soft,25,Medium,11,Soft,20,,,,,69
2015,Hungarian Grand Prix,Pastor Maldonado,Medium,24,Medium,1,Soft,16,Soft,28,,,,,69
2015,Hungarian Grand Prix,Roberto Merhi,Soft,6,Soft,24,Medium,14,Soft,23,,,,,67
2015,Hungarian Grand Prix,Will Stevens,Soft,26,Soft,15,Medium,3,Soft,,,,,,44
2015,Hungarian Grand Prix,Carlos Sainz,Soft,15,Soft,21,Medium,,,,,,,,36
2015,Hungarian Grand Prix,Kimi Raikkonen,Soft,22,Soft,21,Medium,9,Soft,,,,,,52
2015,Hungarian Grand Prix,Sergio Perez,Soft,16,Soft,14,Medium,11,Soft,,,,,,41
2015,Hungarian Grand Prix,Nico Hulkenberg,Soft,15,Soft,21,Medium,,,,,,,,36
2016,Hungarian Grand Prix,Lewis Hamilton,Super soft,16,Soft,25,Soft,29,,,,,,,70
2016,Hungarian Grand Prix,Nico Rosberg,Super soft,17,Soft,25,Soft,28,,,,,,,70
2016,Hungarian Grand Prix,Daniel Ricciardo,Super soft,15,Soft,18,Soft,37,,,,,,,70
2016,Hungarian Grand Prix,Sebastian Vettel,Super soft,14,Soft,27,Soft,29,,,,,,,70
2016,Hungarian Grand Prix,Max Verstappen,Super soft,16,Soft,22,Soft,32,,,,,,,70
2016,Hungarian Grand Prix,Kimi Raikkonen,Soft,29,Super soft,21,Super soft,20,,,,,,,70
2016,Hungarian Grand Prix,Fernando Alonso,Super soft,15,Soft,29,Soft,25,,,,,,,69
2016,Hungarian Grand Prix,Carlos Sainz,Super soft,16,Soft,26,Soft,27,,,,,,,69
2016,Hungarian Grand Prix,Valtteri Bottas,Super soft,16,Soft,27,Soft,26,,,,,,,69
2016,Hungarian Grand Prix,Nico Hulkenberg,Super soft,14,Soft,25,Soft,30,,,,,,,69
2016,Hungarian Grand Prix,Sergio Perez,Soft,27,Medium,13,Soft,29,,,,,,,69
2016,Hungarian Grand Prix,Esteban Gutierrez,Super soft,15,Soft,22,Soft,32,,,,,,,69
2016,Hungarian Grand Prix,Jolyon Palmer,Soft,26,Super soft,13,Soft,30,,,,,,,69
2016,Hungarian Grand Prix,Romain Grosjean,Super soft,14,Soft,22,Soft,33,,,,,,,69
2016,Hungarian Grand Prix,Kevin Magnussen,Super soft,24,Super soft,12,Soft,33,,,,,,,69
2016,Hungarian Grand Prix,Daniil Kvyat,Soft,24,Super soft,22,Super soft,23,,,,,,,69
2016,Hungarian Grand Prix,Felipe Nasr,Super soft,11,Soft,28,Soft,30,,,,,,,69
2016,Hungarian Grand Prix,Felipe Massa,Soft,25,Medium,40,Super soft,3,,,,,,,68
2016,Hungarian Grand Prix,Pascal Wehrlein,Super soft,9,Soft,26,Soft,33,,,,,,,68
2016,Hungarian Grand Prix,Marcus Ericsson,Soft,17,Soft,28,Super soft,17,Super soft,6,,,,,68
2016,Hungarian Grand Prix,Rio Haryanto,Soft,29,Medium,39,,,,,,,,,68
2016,Hungarian Grand Prix,Jenson Button,Super soft,7,Soft,21,Medium,,,,,,,,28
2017,Hungarian Grand Prix,Sebastian Vettel,Super soft,32,Soft,38,,,,,,,,,70
2017,Hungarian Grand Prix,Kimi Raikkonen,Super soft,33,Soft,37,,,,,,,,,70
2017,Hungarian Grand Prix,Valtteri Bottas,Super soft,30,Soft,40,,,,,,,,,70
2017,Hungarian Grand Prix,Lewis Hamilton,Super soft,31,Soft,39,,,,,,,,,70
2017,Hungarian Grand Prix,Max Verstappen,Super soft,42,Soft,28,,,,,,,,,70
2017,Hungarian Grand Prix,Fernando Alonso,Super soft,35,Soft,35,,,,,,,,,70
2017,Hungarian Grand Prix,Carlos Sainz,Super soft,35,Soft,34,,,,,,,,,69
2017,Hungarian Grand Prix,Sergio Perez,Super soft,34,Soft,35,,,,,,,,,69
2017,Hungarian Grand Prix,Esteban Ocon,Super soft,35,Soft,34,,,,,,,,,69
2017,Hungarian Grand Prix,Stoffel Vandoorne,Super soft,42,Soft,27,,,,,,,,,69
2017,Hungarian Grand Prix,Kevin Magnussen,Super soft,31,Soft,38,,,,,,,,,69
2017,Hungarian Grand Prix,Daniil Kvyat,Soft,40,Super soft,29,,,,,,,,,69
2017,Hungarian Grand Prix,Jolyon Palmer,Super soft,46,Soft,23,,,,,,,,,69
2017,Hungarian Grand Prix,Lance Stroll,Super soft,29,Soft,40,,,,,,,,,69
2017,Hungarian Grand Prix,Pascal Wehrlein,Super soft,3,Soft,25,Soft,40,,,,,,,68
2017,Hungarian Grand Prix,Marcus Ericsson,Super soft,1,Soft,62,Super soft,5,,,,,,,68
2017,Hungarian Grand Prix,Nico Hulkenberg,Super soft,45,Soft,22,,,,,,,,,67
2017,Hungarian Grand Prix,Paul di Resta,Soft,34,Super soft,,,,,,,,,,34
2017,Hungarian Grand Prix,Romain Grosjean,Super soft,20,Soft,,,,,,,,,,20
2017,Hungarian Grand Prix,Daniel Ricciardo,Super soft,,,,,,,,,,,,0
2015,Italian Grand Prix,Lewis Hamilton,Soft,26,Medium ,27,,,,,,,,,53
2015,Italian Grand Prix,Sebastian Vettel,Soft,25,Medium ,28,,,,,,,,,53
2015,Italian Grand Prix,Felipe Massa,Soft,19,Medium ,34,,,,,,,,,53
2015,Italian Grand Prix,Valtteri Bottas,Soft,22,Medium ,31,,,,,,,,,53
2015,Italian Grand Prix,Kimi Raikkonen,Soft,28,Medium ,25,,,,,,,,,53
2015,Italian Grand Prix,Sergio Perez,Soft,23,Medium ,29,,,,,,,,,52
2015,Italian Grand Prix,Nico Hulkenberg,Soft,18,Medium ,34,,,,,,,,,52
2015,Italian Grand Prix,Daniel Ricciardo,Medium,30,Soft,22,,,,,,,,,52
2015,Italian Grand Prix,Marcus Ericsson,Soft,20,Medium ,32,,,,,,,,,52
2015,Italian Grand Prix,Daniil Kvyat,Medium,27,Soft,25,,,,,,,,,52
2015,Italian Grand Prix,Carlos Sainz,Medium,10,Soft,20,Soft,22,,,,,,,52
2015,Italian Grand Prix,Max Verstappen,Soft,1, Soft ,18,Medium,14,Soft,19,,,,,52
2015,Italian Grand Prix,Felipe Nasr,Soft,1,Medium ,23,Medium,28,,,,,,,52
2015,Italian Grand Prix,Jenson Button,Soft,25,Medium ,27,,,,,,,,,52
2015,Italian Grand Prix,Will Stevens,Soft,26,Medium ,25,,,,,,,,,51
2015,Italian Grand Prix,Roberto Merhi,Soft,27,Medium ,24,,,,,,,,,51
2015,Italian Grand Prix,Nico Rosberg,Soft,18,Medium ,32,,,,,,,,,50
2015,Italian Grand Prix,Fernando Alonso,Medium,28,Soft,18,Soft,,,,,,,,46
2015,Italian Grand Prix,Romain Grosjean,Soft,,,,,,,,,,,,0
2015,Italian Grand Prix,Pastor Maldonado,Soft,,,,,,,,,,,,0
2016,Italian Grand Prix,Nico Rosberg,Soft,24,Medium,29,,,,,,,,,53
2016,Italian Grand Prix,Lewis Hamilton,Soft,25,Medium,28,,,,,,,,,53
2016,Italian Grand Prix,Sebastian Vettel,Super soft,16,Super soft,17,Soft,20,,,,,,,53
2016,Italian Grand Prix,Kimi Raikkonen,Super soft,15,Super soft,19,Soft,19,,,,,,,53
2016,Italian Grand Prix,Daniel Ricciardo,Super soft,16,Soft,21,Super soft,16,,,,,,,53
2016,Italian Grand Prix,Valtteri Bottas,Super soft,13,Soft,17,Soft,23,,,,,,,53
2016,Italian Grand Prix,Max Verstappen,Super soft,13,Soft,22,Soft,18,,,,,,,53
2016,Italian Grand Prix,Sergio Perez,Super soft,15,Soft,13,Soft,25,,,,,,,53
2016,Italian Grand Prix,Felipe Massa,Soft,16,Soft,20,Super soft,17,,,,,,,53
2016,Italian Grand Prix,Nico Hulkenberg,Super soft,14,Soft,19,Soft,20,,,,,,,53
2016,Italian Grand Prix,Romain Grosjean,Soft,28,Super soft,24,,,,,,,,,52
2016,Italian Grand Prix,Jenson Button,Super soft,15,Soft,23,Super soft,14,,,,,,,52
2016,Italian Grand Prix,Esteban Gutierrez,Super soft,16,Soft,18,Super soft,18,,,,,,,52
2016,Italian Grand Prix,Fernando Alonso,Super soft,13,Soft,20,Soft,16,Super soft,3,,,,,52
2016,Italian Grand Prix,Carlos Sainz,Soft,23,Super soft,16,Super soft,13,,,,,,,52
2016,Italian Grand Prix,Marcus Ericsson,Soft,23,Medium,29,,,,,,,,,52
2016,Italian Grand Prix,Kevin Magnussen,Super soft,14,Soft,16,Super soft,22,,,,,,,52
2016,Italian Grand Prix,Esteban Ocon,Medium,32,Soft,19,,,,,,,,,51
2016,Italian Grand Prix,Daniil Kvyat,Super soft,13,Soft,20,Super soft,,,,,,,,33
2016,Italian Grand Prix,Pascal Wehrlein,Soft,16,Medium,,,,,,,,,,16
2016,Italian Grand Prix,Jolyon Palmer,Soft,2,Medium,,,,,,,,,,2
2016,Italian Grand Prix,Felipe Nasr,Soft,2,Medium,2,Soft,1,Soft,,,,,,5
2017,Italian Grand Prix,Lewis Hamilton,Super soft,32,Soft,21,,,,,,,,,53
2017,Italian Grand Prix,Valtteri Bottas,Super soft,33,Soft,20,,,,,,,,,53
2017,Italian Grand Prix,Sebastian Vettel,Super soft,31,Soft,22,,,,,,,,,53
2017,Italian Grand Prix,Daniel Ricciardo,Soft,37,Super soft,16,,,,,,,,,53
2017,Italian Grand Prix,Kimi Raikkonen,Super soft,15,Soft,38,,,,,,,,,53
2017,Italian Grand Prix,Esteban Ocon,Super soft,16,Soft,37,,,,,,,,,53
2017,Italian Grand Prix,Lance Stroll,Super soft,17,Soft,36,,,,,,,,,53
2017,Italian Grand Prix,Felipe Massa,Super soft,21,Soft,32,,,,,,,,,53
2017,Italian Grand Prix,Sergio Perez,Super soft,32,Soft,21,,,,,,,,,53
2017,Italian Grand Prix,Max Verstappen,Soft,3,Super soft,24,Super soft,25,,,,,,,52
2017,Italian Grand Prix,Kevin Magnussen,Super soft,11,Soft,41,,,,,,,,,52
2017,Italian Grand Prix,Daniil Kvyat,Super soft,19,Soft,33,,,,,,,,,52
2017,Italian Grand Prix,Nico Hulkenberg,Super soft,9,Soft,43,,,,,,,,,52
2017,Italian Grand Prix,Carlos Sainz,Super soft,13,Soft,39,,,,,,,,,52
2017,Italian Grand Prix,Romain Grosjean,Super soft,3,Soft,31,Super soft,18,,,,,,,52
2017,Italian Grand Prix,Pascal Wehrlein,Super soft,20,Soft,31,,,,,,,,,51
2017,Italian Grand Prix,Fernando Alonso,Soft,30,Super soft,,,,,,,,,,30
2017,Italian Grand Prix,Marcus Ericsson,Super soft,18,Soft,,,,,,,,,,18
2017,Italian Grand Prix,Stoffel Vandoorne,Super soft,,,,,,,,,,,,0
2017,Italian Grand Prix,Jolyon Palmer,Soft,25,Super soft,,,,,,,,,,25
2015,Japanese Grand Prix,Lewis Hamilton,Medium,16,Medium ,16,Hard,21,,,,,,,53
2015,Japanese Grand Prix,Nico Rosberg,Medium,15, Hard,14,Hard,24,,,,,,,53
2015,Japanese Grand Prix,Sebastian Vettel,Medium,13,Hard,17,Hard,23,,,,,,,53
2015,Japanese Grand Prix,Kimi Raikkonen,Medium,14,Hard,14,Hard,25,,,,,,,53
2015,Japanese Grand Prix,Valtteri Bottas,Medium,11,Medium ,18,Hard,24,,,,,,,53
2015,Japanese Grand Prix,Nico Hulkenberg,Medium,10,Hard,21,Hard,22,,,,,,,53
2015,Japanese Grand Prix,Romain Grosjean,Medium,11,Medium,22,Hard,20,,,,,,,53
2015,Japanese Grand Prix,Pastor Maldonado,Medium,12,Medium ,24,Hard,17,,,,,,,53
2015,Japanese Grand Prix,Max Verstappen,Medium,9,Hard,21,Medium,23,,,,,,,53
2015,Japanese Grand Prix,Carlos Sainz,Medium,14,Hard,13,Hard,25,,,,,,,52
2015,Japanese Grand Prix,Fernando Alonso,Medium,9,Medium ,19,Hard,24,,,,,,,52
2015,Japanese Grand Prix,Sergio Perez,Medium,1,Hard,17,Hard,18,Hard,16,,,,,52
2015,Japanese Grand Prix,Daniil Kvyat,Medium,8,Hard,12,Medium,14,Hard,18,,,,,52
2015,Japanese Grand Prix,Marcus Ericsson,Medium,13,Medium ,13,Hard,26,,,,,,,52
2015,Japanese Grand Prix,Daniel Ricciardo,Medium,1,Hard,23,Hard,28,,,,,,,52
2015,Japanese Grand Prix,Jenson Button,Hard,10,Medium ,17,Medium,25,,,,,,,52
2015,Japanese Grand Prix,Felipe Massa,Medium,1,Hard,15,Medium,18,Medium,17,,,,,51
2015,Japanese Grand Prix,Alexander Rossi,Medium,22,Hard,11,Medium,18,,,,,,,51
2015,Japanese Grand Prix,Will Stevens,Medium,21,Hard,11,Medium,10,Medium,8,,,,,50
2015,Japanese Grand Prix,Felipe Nasr,Medium,10,Hard,20,Medium,,,,,,,,30
2016,Japanese Grand Prix,Nico Rosberg,Soft,12,Hard,17,Hard,24,,,,,,,53
2016,Japanese Grand Prix,Max Verstappen,Soft,10,Hard,18,Hard,25,,,,,,,53
2016,Japanese Grand Prix,Lewis Hamilton,Soft,13,Hard,20,Hard,20,,,,,,,53
2016,Japanese Grand Prix,Sebastian Vettel,Soft,12,Hard,22,Soft,19,,,,,,,53
2016,Japanese Grand Prix,Kimi Raikkonen,Soft,12,Hard,14,Hard,27,,,,,,,53
2016,Japanese Grand Prix,Daniel Ricciardo,Soft,10,Hard,22,Hard,21,,,,,,,53
2016,Japanese Grand Prix,Sergio Perez,Soft,12,Hard,17,Medium,24,,,,,,,53
2016,Japanese Grand Prix,Nico Hulkenberg,Soft,11,Hard,17,Medium,25,,,,,,,53
2016,Japanese Grand Prix,Felipe Massa,Medium,24,Hard,29,,,,,,,,,53
2016,Japanese Grand Prix,Valtteri Bottas,Medium,26,Hard,27,,,,,,,,,53
2016,Japanese Grand Prix,Romain Grosjean,Soft,10,Hard,20,Hard,23,,,,,,,53
2016,Japanese Grand Prix,Jolyon Palmer,Medium,25,Hard,27,,,,,,,,,52
2016,Japanese Grand Prix,Daniil Kvyat,Soft,10,Soft,13,Hard,29,,,,,,,52
2016,Japanese Grand Prix,Kevin Magnussen,Hard,25,Medium,27,,,,,,,,,52
2016,Japanese Grand Prix,Marcus Ericsson,Medium,26,Hard,26,,,,,,,,,52
2016,Japanese Grand Prix,Fernando Alonso,Soft,9,Hard,18,Hard,25,,,,,,,52
2016,Japanese Grand Prix,Carlos Sainz,Soft,13,Hard,24,Soft,15,,,,,,,52
2016,Japanese Grand Prix,Jenson Button,Hard,19,Soft,17,Soft,16,,,,,,,52
2016,Japanese Grand Prix,Felipe Nasr,Hard,25,Medium,27,,,,,,,,,52
2016,Japanese Grand Prix,Esteban Gutierrez,Soft,11,Hard,17,Hard,24,,,,,,,52
2016,Japanese Grand Prix,Esteban Ocon,Soft,12,Hard,19,Hard,21,,,,,,,52
2016,Japanese Grand Prix,Pascal Wehrlein,Soft,13,Hard,19,Hard,20,,,,,,,52
2017,Japanese Grand Prix,Lewis Hamilton,Super soft,22,Soft,31,,,,,,,,,53
2017,Japanese Grand Prix,Max Verstappen,Super soft,21,Soft,32,,,,,,,,,53
2017,Japanese Grand Prix,Daniel Ricciardo,Super soft,25,Soft,28,,,,,,,,,53
2017,Japanese Grand Prix,Valtteri Bottas,Soft,30,Super soft,23,,,,,,,,,53
2017,Japanese Grand Prix,Kimi Raikkonen,Soft,28,Super soft,25,,,,,,,,,53
2017,Japanese Grand Prix,Esteban Ocon,Super soft,20,Soft,33,,,,,,,,,53
2017,Japanese Grand Prix,Sergio Perez,Super soft,21,Soft,32,,,,,,,,,53
2017,Japanese Grand Prix,Kevin Magnussen,Super soft,19,Soft,34,,,,,,,,,53
2017,Japanese Grand Prix,Romain Grosjean,Super soft,23,Soft,30,,,,,,,,,53
2017,Japanese Grand Prix,Felipe Massa,Super soft,17,Soft,35,,,,,,,,,52
2017,Japanese Grand Prix,Fernando Alonso,Super soft,25,Soft,27,,,,,,,,,52
2017,Japanese Grand Prix,Jolyon Palmer,Soft,39,Super soft,13,,,,,,,,,52
2017,Japanese Grand Prix,Pierre Gasly,Super soft,22,Soft,17,Super soft,13,,,,,,,52
2017,Japanese Grand Prix,Stoffel Vandoorne,Super soft,9,Soft,25,Super soft,18,,,,,,,52
2017,Japanese Grand Prix,Pascal Wehrlein,Soft,2,Super soft,1,Soft,22,Soft,26,,,,,51
2017,Japanese Grand Prix,Lance Stroll,Super soft,4,Soft,31,Super soft,,,,,,,,35
2017,Japanese Grand Prix,Nico Hulkenberg,Soft,38,Super soft,,,,,,,,,,38
2017,Japanese Grand Prix,Marcus Ericsson,Soft,,,,,,,,,,,,0
2017,Japanese Grand Prix,Sebastian Vettel,Super soft,,,,,,,,,,,,0
2017,Japanese Grand Prix,Carlos Sainz,Soft,,,,,,,,,,,,0
2015,Malaysian Grand Prix,Sebastian Vettel,Medium,17,Medium,20,Hard,19,,,,,,,56
2015,Malaysian Grand Prix,Lewis Hamilton,Medium,4,Hard,20,Medium,14,Hard,18,,,,,56
2015,Malaysian Grand Prix,Nico Rosberg,Medium,4,Hard,22,Hard,15,Medium,15,,,,,56
2015,Malaysian Grand Prix,Kimi Raikkonen,Medium,2,Medium,12,Medium,20,Hard,22,,,,,56
2015,Malaysian Grand Prix,Valtteri Bottas,Medium,4,Medium,21,Medium,15,Hard,16,,,,,56
2015,Malaysian Grand Prix,Felipe Massa,Medium,4,Medium,20,Medium,14,Hard,18,,,,,56
2015,Malaysian Grand Prix,Max Verstappen,Medium,4,Hard,16,Hard,20,Medium,16,,,,,56
2015,Malaysian Grand Prix,Carlos Sainz,Medium,14,Hard,18,Hard,23,,,,,,,55
2015,Malaysian Grand Prix,Daniil Kvyat,Medium,4,Medium,17,Hard,18,Hard,16,,,,,55
2015,Malaysian Grand Prix,Daniel Ricciardo,Medium,4,Medium,14,Hard,16,Hard,21,,,,,55
2015,Malaysian Grand Prix,Romain Grosjean,Medium,15,Medium,11,Medium,8,Hard,21,,,,,55
2015,Malaysian Grand Prix,Felipe Nasr,Medium,2,Hard,18,Hard,10,Hard,13,Medium,12,,,55
2015,Malaysian Grand Prix,Sergio Perez,Medium,17,Hard,18,Medium,20,,,,,,,55
2015,Malaysian Grand Prix,Nico Hulkenberg,Medium,15,Medium,16,Hard,13,Hard,11,,,,,55
2015,Malaysian Grand Prix,Roberto Merhi,Medium,5,Hard,17,Medium,20,Medium,11,,,,,53
2015,Malaysian Grand Prix,Pastor Maldonado,Medium,1,Medium,17,Medium,15,Hard,,,,,,33
2015,Malaysian Grand Prix,Jenson Button,Hard,4,Medium,17,Medium,14,Medium,,,,,,35
2015,Malaysian Grand Prix,Fernando Alonso,Hard,4,Medium,,,,,,,,,,4
2015,Malaysian Grand Prix,Marcus Ericsson,Medium,,,,,,,,,,,,0
2016,Malaysian Grand Prix,Daniel Ricciardo,Soft,21,Hard,20,Soft,15,,,,,,,56
2016,Malaysian Grand Prix,Max Verstappen,Soft,9,Soft,18,Hard,14,Soft,15,,,,,56
2016,Malaysian Grand Prix,Nico Rosberg,Soft,9,Hard,22,Hard,10,Soft,15,,,,,56
2016,Malaysian Grand Prix,Kimi Raikkonen,Soft,20,Hard,12,Hard,8,Soft,16,,,,,56
2016,Malaysian Grand Prix,Valtteri Bottas,Medium,29,Hard,27,,,,,,,,,56
2016,Malaysian Grand Prix,Sergio Perez,Soft,9,Medium,23,Hard,24,,,,,,,56
2016,Malaysian Grand Prix,Fernando Alonso,Soft,9,Hard,18,Soft,13,Soft,16,,,,,56
2016,Malaysian Grand Prix,Nico Hulkenberg,Soft,9,Medium,19,Hard,12,Soft,16,,,,,56
2016,Malaysian Grand Prix,Jenson Button,Soft,9,Hard,28,Soft,19,,,,,,,56
2016,Malaysian Grand Prix,Jolyon Palmer,Hard,31,Soft,25,,,,,,,,,56
2016,Malaysian Grand Prix,Carlos Sainz,Soft,20,Hard,17,Soft,19,,,,,,,56
2016,Malaysian Grand Prix,Marcus Ericsson,Soft,21,Soft,16,Hard,18,,,,,,,55
2016,Malaysian Grand Prix,Felipe Massa,Soft,1,Hard,5,Hard,25,Medium,24,,,,,55
2016,Malaysian Grand Prix,Daniil Kvyat,Soft,1,Hard,28,Soft,11,Soft,15,,,,,55
2016,Malaysian Grand Prix,Pascal Wehrlein,Soft,9,Hard,21,Hard,11,Soft,14,,,,,55
2016,Malaysian Grand Prix,Esteban Ocon,Soft,12,Hard,19,Hard,24,,,,,,,55
2016,Malaysian Grand Prix,Felipe Nasr,Medium,32,Hard,14,,,,,,,,,46
2016,Malaysian Grand Prix,Lewis Hamilton,Soft,20,Hard,,,,,,,,,,20
2016,Malaysian Grand Prix,Esteban Gutierrez,Soft,1,Soft,21,Hard,,,,,,,,22
2016,Malaysian Grand Prix,Kevin Magnussen,Medium,1,Hard,,,,,,,,,,1
2016,Malaysian Grand Prix,Romain Grosjean,Soft,,,,,,,,,,,,0
2016,Malaysian Grand Prix,Sebastian Vettel,,,,,,,,,,,,,0
2017,Malaysian Grand Prix,Max Verstappen,Super soft,27,Soft,29,,,,,,,,,56
2017,Malaysian Grand Prix,Lewis Hamilton,Super soft,26,Soft,30,,,,,,,,,56
2017,Malaysian Grand Prix,Daniel Ricciardo,Super soft,29,Soft,27,,,,,,,,,56
2017,Malaysian Grand Prix,Sebastian Vettel,Soft,27,Super soft,29,,,,,,,,,56
2017,Malaysian Grand Prix,Valtteri Bottas,Super soft,28,Soft,28,,,,,,,,,56
2017,Malaysian Grand Prix,Sergio Perez,Super soft,30,Soft,26,,,,,,,,,56
2017,Malaysian Grand Prix,Stoffel Vandoorne,Super soft,13,Soft,42,,,,,,,,,55
2017,Malaysian Grand Prix,Lance Stroll,Super soft,12,Soft,43,,,,,,,,,55
2017,Malaysian Grand Prix,Felipe Massa,Super soft,11,Soft,44,,,,,,,,,55
2017,Malaysian Grand Prix,Esteban Ocon,Super soft,2,Soft,53,,,,,,,,,55
2017,Malaysian Grand Prix,Fernando Alonso,Super soft,26,Soft,29,,,,,,,,,55
2017,Malaysian Grand Prix,Kevin Magnussen,Super soft,10,Soft,45,,,,,,,,,55
2017,Malaysian Grand Prix,Romain Grosjean,Super soft,11,Soft,22,Super soft,22,,,,,,,55
2017,Malaysian Grand Prix,Pierre Gasly,Super soft,12,Soft,43,,,,,,,,,55
2017,Malaysian Grand Prix,Jolyon Palmer,Super soft,13,Soft,42,,,,,,,,,55
2017,Malaysian Grand Prix,Nico Hulkenberg,Super soft,9,Soft,41,Super soft,5,,,,,,,55
2017,Malaysian Grand Prix,Pascal Wehrlein,Soft,37,Super soft,18,,,,,,,,,55
2017,Malaysian Grand Prix,Marcus Ericsson,Soft,38,Super soft,16,,,,,,,,,54
2017,Malaysian Grand Prix,Carlos Sainz,Super soft,,,,,,,,,,,,0
2017,Malaysian Grand Prix,Kimi Raikkonen,Super soft,,,,,,,,,,,,
2015,Mexican Grand Prix,Nico Rosberg,Soft,26,Medium,20,Medium,25,,,,,,,71
2015,Mexican Grand Prix,Lewis Hamilton,Soft,28,Medium,20,Medium,23,,,,,,,71
2015,Mexican Grand Prix,Valtteri Bottas,Soft,8,Medium,45,Medium,18,,,,,,,71
2015,Mexican Grand Prix,Daniil Kvyat,Soft,21,Medium,31,Soft,19,,,,,,,71
2015,Mexican Grand Prix,Daniel Ricciardo,Soft,24,Medium,28,Soft,19,,,,,,,71
2015,Mexican Grand Prix,Felipe Massa,Soft,9,Medium,43,Medium,19,,,,,,,71
2015,Mexican Grand Prix,Nico Hulkenberg,Soft,9,Medium,43,Medium,19,,,,,,,71
2015,Mexican Grand Prix,Sergio Perez,Soft,18,Medium,53,,,,,,,,,71
2015,Mexican Grand Prix,Max Verstappen,Soft,25,Medium,27,Soft,19,,,,,,,71
2015,Mexican Grand Prix,Romain Grosjean,Soft,11,Medium,41,Soft,19,,,,,,,71
2015,Mexican Grand Prix,Pastor Maldonado,Soft,10,Medium,42,Soft,19,,,,,,,71
2015,Mexican Grand Prix,Marcus Ericsson,Soft,10,Medium,29,Medium,12,Soft,20,,,,,71
2015,Mexican Grand Prix,Carlos Sainz,Soft,13,Medium,30,Medium,8,Soft,20,,,,,71
2015,Mexican Grand Prix,Jenson Button,Medium,30,Soft,17,Soft,24,,,,,,,71
2015,Mexican Grand Prix,Alexander Rossi,Soft,27,Medium,23,Soft,19,,,,,,,69
2015,Mexican Grand Prix,Will Stevens,Soft,26,Medium,24,Soft,19,,,,,,,69
2015,Mexican Grand Prix,Felipe Nasr,Soft,12,Medium,32,Medium,7,Soft,,,,,,51
2015,Mexican Grand Prix,Sebastian Vettel,Soft,1,Medium,34,Medium,,,,,,,,35
2015,Mexican Grand Prix,Kimi Raikkonen,Medium,,,,,,,,,,,,0
2015,Mexican Grand Prix,Fernando Alonso,Medium,,,,,,,,,,,,0
2016,Mexican Grand Prix,Lewis Hamilton,Soft,17,Medium,54,,,,,,,,,71
2016,Mexican Grand Prix,Nico Rosberg,Soft,20,Medium,51,,,,,,,,,71
2016,Mexican Grand Prix,Max Verstappen,Super soft,12,Medium,59,,,,,,,,,71
2016,Mexican Grand Prix,Sebastian Vettel,Soft,32,Medium,39,,,,,,,,,71
2016,Mexican Grand Prix,Daniel Ricciardo,Super soft,1,Medium,49,Soft,21,,,,,,,71
2016,Mexican Grand Prix,Kimi Raikkonen,Soft,20,Medium,25,Medium,26,,,,,,,71
2016,Mexican Grand Prix,Nico Hulkenberg,Super soft,14,Medium,57,,,,,,,,,71
2016,Mexican Grand Prix,Valtteri Bottas,Super soft,19,Medium,52,,,,,,,,,71
2016,Mexican Grand Prix,Felipe Massa,Super soft,14,Medium,57,,,,,,,,,71
2016,Mexican Grand Prix,Sergio Perez,Soft,20,Medium,51,,,,,,,,,71
2016,Mexican Grand Prix,Marcus Ericsson,Soft,1,Medium,69,,,,,,,,,70
2016,Mexican Grand Prix,Jenson Button,Soft,17,Medium,53,,,,,,,,,70
2016,Mexican Grand Prix,Fernando Alonso,Soft,16,Medium,29,Soft,25,,,,,,,70
2016,Mexican Grand Prix,Jolyon Palmer,Super soft,1,Medium,69,,,,,,,,,70
2016,Mexican Grand Prix,Carlos Sainz,Super soft,12,Medium,58,,,,,,,,,70
2016,Mexican Grand Prix,Felipe Nasr,Medium,49,Super soft,21,,,,,,,,,70
2016,Mexican Grand Prix,Daniil Kvyat,Soft,13,Soft,34,Super soft,23,,,,,,,70
2016,Mexican Grand Prix,Kevin Magnussen,Soft,12,Medium,39,Super soft,19,,,,,,,70
2016,Mexican Grand Prix,Esteban Gutierrez,Soft,12,Medium,36,Soft,22,,,,,,,70
2016,Mexican Grand Prix,Romain Grosjean,Soft,11,Medium,39,Soft,20,,,,,,,70
2016,Mexican Grand Prix,Esteban Ocon,Soft,15,Medium,54,,,,,,,,,69
2016,Mexican Grand Prix,Pascal Wehrlein,,,,,,,,,,,,,0
2017,Mexican Grand Prix,Max Verstappen,Ultra soft,32,Super soft,39,,,,,,,,,71
2017,Mexican Grand Prix,Valtteri Bottas,Ultra soft,32,Super soft,39,,,,,,,,,71
2017,Mexican Grand Prix,Kimi Raikkonen,Ultra soft,32,Soft,39,,,,,,,,,71
2017,Mexican Grand Prix,Sebastian Vettel,Ultra soft,1,Soft,31,Ultra soft,39,,,,,,,71
2017,Mexican Grand Prix,Esteban Ocon,Ultra soft,20,Soft,50,,,,,,,,,70
2017,Mexican Grand Prix,Lance Stroll,Ultra soft,32,Super soft,38,,,,,,,,,70
2017,Mexican Grand Prix,Sergio Perez,Ultra soft,18,Soft,32,Ultra soft,20,,,,,,,70
2017,Mexican Grand Prix,Kevin Magnussen,Ultra soft,31,Soft,39,,,,,,,,,70
2017,Mexican Grand Prix,Lewis Hamilton,Ultra soft,1,Soft,30,Super soft,39,,,,,,,70
2017,Mexican Grand Prix,Fernando Alonso,Super soft,32,Ultra soft,38,,,,,,,,,70
2017,Mexican Grand Prix,Felipe Massa,Ultra soft,3,Soft,67,,,,,,,,,70
2017,Mexican Grand Prix,Stoffel Vandoorne,Ultra soft,31,Super soft,39,,,,,,,,,70
2017,Mexican Grand Prix,Pierre Gasly,Ultra soft,31,Super soft,39,,,,,,,,,70
2017,Mexican Grand Prix,Pascal Wehrlein,Ultra soft,4,Soft,65,,,,,,,,,69
2017,Mexican Grand Prix,Romain Grosjean,Super soft,31,Soft,31,Ultra soft,7,,,,,,,69
2017,Mexican Grand Prix,Carlos Sainz,Ultra soft,2,Soft,29,Ultra soft,,,,,,,,31
2017,Mexican Grand Prix,Marcus Ericsson,Ultra soft,28,Super soft,,,,,,,,,,28
2017,Mexican Grand Prix,Brendon Hartley,Ultra soft,,,,,,,,,,,,0
2017,Mexican Grand Prix,Nico Hulkenberg,Ultra soft,19,Soft,,,,,,,,,,19
2017,Mexican Grand Prix,Daniel Ricciardo,Ultra soft,,,,,,,,,,,,0
2015,Monaco Grand Prix,Nico Rosberg,Super soft,37,Soft,41,,,,,,,,,78
2015,Monaco Grand Prix,Sebastian Vettel,Super soft,36,Soft,42,,,,,,,,,78
2015,Monaco Grand Prix,Lewis Hamilton,Super soft,38,Soft,27,Super soft,13,,,,,,,78
2015,Monaco Grand Prix,Daniil Kvyat,Super soft,28,Soft,50,,,,,,,,,78
2015,Monaco Grand Prix,Daniel Ricciardo,Super soft,36,Soft,29,Super soft,13,,,,,,,78
2015,Monaco Grand Prix,Kimi Raikkonen,Super soft,37,Soft,41,,,,,,,,,78
2015,Monaco Grand Prix,Sergio Perez,Super soft,36,Soft,28,Super soft,14,,,,,,,78
2015,Monaco Grand Prix,Jenson Button,Super soft,35,Soft,29,Super soft,14,,,,,,,78
2015,Monaco Grand Prix,Felipe Nasr,Super soft,18,Soft,46,Super soft,14,,,,,,,78
2015,Monaco Grand Prix,Carlos Sainz,Super soft,12,Soft,66,,,,,,,,,78
2015,Monaco Grand Prix,Nico Hulkenberg,Soft,1,Super soft,30,Soft,37,,,,,,,68
2015,Monaco Grand Prix,Romain Grosjean,Super soft,17,Soft,61,,,,,,,,,78
2015,Monaco Grand Prix,Marcus Ericsson,Super soft,14,Soft,24,Super soft,31,Super soft,9,,,,,78
2015,Monaco Grand Prix,Valtteri Bottas,Soft,14,Super soft,42,Super soft,22,,,,,,,78
2015,Monaco Grand Prix,Felipe Massa,Super soft,1,Soft,38,Super soft,23,Super soft,15,,,,,77
2015,Monaco Grand Prix,Roberto Merhi,Soft,35,Super soft,41,,,,,,,,,76
2015,Monaco Grand Prix,Will Stevens,Soft,33,Super soft,43,,,,,,,,,76
2015,Monaco Grand Prix,Max Verstappen,Super soft,29,Soft,17,Super soft,,,,,,,,46
2015,Monaco Grand Prix,Fernando Alonso,Soft,32,Super soft,,,,,,,,,,32
2015,Monaco Grand Prix,Pastor Maldonado,Super soft,,,,,,,,,,,,0
2016,Monaco Grand Prix,Lewis Hamilton,Wet,31,Ultra soft,47,,,,,,,,,78
2016,Monaco Grand Prix,Daniel Ricciardo,Wet,23,Intermediate,9,Super soft,46,,,,,,,78
2016,Monaco Grand Prix,Sergio Perez,Wet,21,Intermediate,9,Soft,48,,,,,,,78
2016,Monaco Grand Prix,Sebastian Vettel,Wet,13,Intermediate,18,Soft,47,,,,,,,78
2016,Monaco Grand Prix,Fernando Alonso,Wet,14,Intermediate,18,Super soft,46,,,,,,,78
2016,Monaco Grand Prix,Nico Hulkenberg,Wet,15,Intermediate,16,Soft,47,,,,,,,78
2016,Monaco Grand Prix,Nico Rosberg,Wet,20,Intermediate,11,Ultra soft,47,,,,,,,78
2016,Monaco Grand Prix,Carlos Sainz,Wet,21,Intermediate,10,Super soft,46,,,,,,,77
2016,Monaco Grand Prix,Jenson Button,Wet,8,Intermediate,22,Super soft,47,,,,,,,77
2016,Monaco Grand Prix,Felipe Massa,Wet,20,Intermediate,12,Super soft,45,,,,,,,77
2016,Monaco Grand Prix,Valtteri Bottas,Wet,15,Intermediate,15,Super soft,19,Ultra soft,28,,,,,77
2016,Monaco Grand Prix,Esteban Gutierrez,Wet,16,Intermediate,16,Ultra soft,45,,,,,,,77
2016,Monaco Grand Prix,Pascal Wehrlein,Wet,31,Ultra soft,45,,,,,,,,,76
2016,Monaco Grand Prix,Romain Grosjean,Wet,15,Intermediate,15,Ultra soft,46,,,,,,,76
2016,Monaco Grand Prix,Rio Haryanto,Wet,11,Intermediate,23,Ultra soft,13,Ultra soft,27,,,,,74
2016,Monaco Grand Prix,Marcus Ericsson,Wet,11,Intermediate,18,Ultra soft,20,Ultra soft,,,,,,49
2016,Monaco Grand Prix,Felipe Nasr,Wet,8,Intermediate,24,Ultra soft,,,,,,,,32
2016,Monaco Grand Prix,Max Verstappen,Wet,12,Intermediate,19,Soft,,,,,,,,31
2016,Monaco Grand Prix,Kevin Magnussen,Wet,7,Intermediate,14,Intermediate,8,Super soft,,,,,,29
2016,Monaco Grand Prix,Daniil Kvyat,Wet,7,Intermediate,,,,,,,,,,7
2016,Monaco Grand Prix,Kimi Raikkonen,Wet,,,,,,,,,,,,0
2016,Monaco Grand Prix,Jolyon Palmer,Wet,,,,,,,,,,,,0
2017,Monaco Grand Prix,Sebastian Vettel,Ultra soft,39,Super soft,39,,,,,,,,,78
2017,Monaco Grand Prix,Kimi Raikkonen,Ultra soft,34,Super soft,44,,,,,,,,,78
2017,Monaco Grand Prix,Daniel Ricciardo,Ultra soft,38,Super soft,40,,,,,,,,,78
2017,Monaco Grand Prix,Valtteri Bottas,Ultra soft,33,Super soft,45,,,,,,,,,78
2017,Monaco Grand Prix,Max Verstappen,Ultra soft,32,Super soft,28,Ultra soft,18,,,,,,,78
2017,Monaco Grand Prix,Carlos Sainz,Ultra soft,37,Super soft,41,,,,,,,,,78
2017,Monaco Grand Prix,Lewis Hamilton,Ultra soft,46,Super soft,32,,,,,,,,,78
2017,Monaco Grand Prix,Romain Grosjean,Ultra soft,40,Super soft,38,,,,,,,,,78
2017,Monaco Grand Prix,Felipe Massa,Ultra soft,38,Super soft,24,Ultra soft,16,,,,,,,78
2017,Monaco Grand Prix,Kevin Magnussen,Ultra soft,37,Super soft,5,Ultra soft,36,,,,,,,78
2017,Monaco Grand Prix,Jolyon Palmer,Ultra soft,42,Super soft,36,,,,,,,,,78
2017,Monaco Grand Prix,Esteban Ocon,Ultra soft,36,Super soft,3,Ultra soft,21,Ultra soft,18,,,,,78
2017,Monaco Grand Prix,Sergio Perez,Ultra soft,16,Super soft,47,Ultra soft,9,Ultra soft,6,,,,,78
2017,Monaco Grand Prix,Daniil Kvyat,Ultra soft,36,Super soft,,,,,,,,,,36
2017,Monaco Grand Prix,Lance Stroll,Ultra soft,41,Super soft,26,Ultra soft,,,,,,,,67
2017,Monaco Grand Prix,Stoffel Vandoorne,Ultra soft,43,Super soft,,,,,,,,,,43
2017,Monaco Grand Prix,Marcus Ericsson,Super soft,35,Ultra soft,,,,,,,,,,35
2017,Monaco Grand Prix,Pascal Wehrlein,Super soft,1,Ultra soft,,,,,,,,,,1
2017,Monaco Grand Prix,Jenson Button,Ultra soft,1,Super soft,38,Ultra soft,,,,,,,,39
2017,Monaco Grand Prix,Nico Hulkenberg,Ultra soft,,,,,,,,,,,,0
2015,Russian Grand Prix,Lewis Hamilton,Super soft,32,Soft,21,,,,,,,,,53
2015,Russian Grand Prix,Sebastian Vettel,Super soft,30,Soft,23,,,,,,,,,53
2015,Russian Grand Prix,Sergio Perez,Super soft,12,Soft,41,,,,,,,,,53
2015,Russian Grand Prix,Felipe Massa,Soft,30,Super soft,23,,,,,,,,,53
2015,Russian Grand Prix,Kimi Raikkonen,Super soft,31,Soft,22,,,,,,,,,53
2015,Russian Grand Prix,Daniil Kvyat,Super soft,33,Soft,20,,,,,,,,,53
2015,Russian Grand Prix,Felipe Nasr,Super soft,34,Soft,19,,,,,,,,,53
2015,Russian Grand Prix,Pastor Maldonado,Soft,30,Super soft,23,,,,,,,,,53
2015,Russian Grand Prix,Jenson Button,Super soft,12,Soft,41,,,,,,,,,53
2015,Russian Grand Prix,Fernando Alonso,Soft,13,Super soft,40,,,,,,,,,53
2015,Russian Grand Prix,Max Verstappen,Soft,1,Soft,23,Super soft,29,,,,,,,53
2015,Russian Grand Prix,Valtteri Bottas,Super soft,26,Soft,26,,,,,,,,,52
2015,Russian Grand Prix,Roberto Merhi,Super soft,13,Soft,39,,,,,,,,,52
2015,Russian Grand Prix,Will Stevens,Super soft,14,Soft,3,Super soft,34,,,,,,,51
2015,Russian Grand Prix,Daniel Ricciardo,Super soft,12,Soft,,,,,,,,,,12
2015,Russian Grand Prix,Carlos Sainz,Super soft,12,Soft,,,,,,,,,,12
2015,Russian Grand Prix,Romain Grosjean,Soft,1,Soft,,,,,,,,,,1
2015,Russian Grand Prix,Nico Rosberg,Super soft,,,,,,,,,,,,0
2015,Russian Grand Prix,Nico Hulkenberg,,,,,,,,,,,,,0
2015,Russian Grand Prix,Marcus Ericsson,,,,,,,,,,,,,0
2016,Russian Grand Prix,Nico Rosberg,Super soft,21,Soft,32,,,,,,,,,53
2016,Russian Grand Prix,Lewis Hamilton,Super soft,17,Soft,36,,,,,,,,,53
2016,Russian Grand Prix,Kimi Raikkonen,Super soft,20,Soft,33,,,,,,,,,53
2016,Russian Grand Prix,Valtteri Bottas,Super soft,16,Soft,37,,,,,,,,,53
2016,Russian Grand Prix,Felipe Massa,Super soft,18,Soft,28,Super soft,7,,,,,,,53
2016,Russian Grand Prix,Fernando Alonso,Super soft,21,Soft,31,,,,,,,,,52
2016,Russian Grand Prix,Kevin Magnussen,Super soft,16,Soft,36,,,,,,,,,52
2016,Russian Grand Prix,Romain Grosjean,Super soft,17,Soft,35,,,,,,,,,52
2016,Russian Grand Prix,Sergio Perez,Super soft,1,Soft,26,Soft,25,,,,,,,52
2016,Russian Grand Prix,Jenson Button,Super soft,20,Soft,32,,,,,,,,,52
2016,Russian Grand Prix,Carlos Sainz,Super soft,11,Soft,41,,,,,,,,,52
2016,Russian Grand Prix,Daniel Ricciardo,Super soft,1,Medium,28,Soft,23,,,,,,,52
2016,Russian Grand Prix,Jolyon Palmer,Super soft,14,Soft,38,,,,,,,,,52
2016,Russian Grand Prix,Marcus Ericsson,Soft,1,Super soft,27,Super soft,24,,,,,,,52
2016,Russian Grand Prix,Daniil Kvyat,Super soft,1,Medium,51,,,,,,,,,52
2016,Russian Grand Prix,Felipe Nasr,Super soft,12,Soft,40,,,,,,,,,52
2016,Russian Grand Prix,Esteban Gutierrez,Soft,1,Medium,8,Medium,43,,,,,,,52
2016,Russian Grand Prix,Pascal Wehrlein,Super soft,13,Soft,26,Super soft,12,,,,,,,51
2016,Russian Grand Prix,Max Verstappen,Super soft,22,Soft,,,,,,,,,,22
2016,Russian Grand Prix,Sebastian Vettel,Super soft,,,,,,,,,,,,0
2016,Russian Grand Prix,Nico Hulkenberg,Super soft,,,,,,,,,,,,0
2016,Russian Grand Prix,Rio Haryanto,Super soft,,,,,,,,,,,,0
2017,Russian Grand Prix,Valtteri Bottas,Ultra soft,27,Super soft,25,,,,,,,,,52
2017,Russian Grand Prix,Sebastian Vettel,Ultra soft,34,Super soft,18,,,,,,,,,52
2017,Russian Grand Prix,Kimi Raikkonen,Ultra soft,29,Super soft,23,,,,,,,,,52
2017,Russian Grand Prix,Lewis Hamilton,Ultra soft,30,Super soft,22,,,,,,,,,52
2017,Russian Grand Prix,Max Verstappen,Ultra soft,29,Super soft,23,,,,,,,,,52
2017,Russian Grand Prix,Sergio Perez,Ultra soft,27,Super soft,25,,,,,,,,,52
2017,Russian Grand Prix,Esteban Ocon,Ultra soft,26,Super soft,26,,,,,,,,,52
2017,Russian Grand Prix,Nico Hulkenberg,Ultra soft,40,Super soft,12,,,,,,,,,52
2017,Russian Grand Prix,Felipe Massa,Ultra soft,21,Super soft,20,Ultra soft,10,,,,,,,51
2017,Russian Grand Prix,Carlos Sainz,Ultra soft,24,Super soft,27,,,,,,,,,51
2017,Russian Grand Prix,Lance Stroll,Ultra soft,26,Super soft,25,,,,,,,,,51
2017,Russian Grand Prix,Daniil Kvyat,Ultra soft,21,Super soft,30,,,,,,,,,51
2017,Russian Grand Prix,Kevin Magnussen,Ultra soft,21,Super soft,30,,,,,,,,,51
2017,Russian Grand Prix,Stoffel Vandoorne,Super soft,1,Ultra soft,23,Ultra soft,27,,,,,,,51
2017,Russian Grand Prix,Marcus Ericsson,Super soft,1,Ultra soft,20,Ultra soft,30,,,,,,,51
2017,Russian Grand Prix,Pascal Wehrlein,Super soft,2,Ultra soft,18,Ultra soft,30,,,,,,,50
2017,Russian Grand Prix,Daniel Ricciardo,Ultra soft,,,,,,,,,,,,0
2017,Russian Grand Prix,Jolyon Palmer,,,,,,,,,,,,,
2017,Russian Grand Prix,Romain Grosjean,,,,,,,,,,,,,
2017,Russian Grand Prix,Fernando Alonso,,,,,,,,,,,,,
2015,Singapore Grand Prix,Sebastian Vettel,Super soft,13,Super soft,24,Soft,24,,,,,,,61
2015,Singapore Grand Prix,Daniel Ricciardo,Super soft,13,Super soft,24,Soft,24,,,,,,,61
2015,Singapore Grand Prix,Kimi Raikkonen,Super soft,13,Super soft,24,Soft,24,,,,,,,61
2015,Singapore Grand Prix,Nico Rosberg,Super soft,13,Soft,24,Soft,24,,,,,,,61
2015,Singapore Grand Prix,Valtteri Bottas,Super soft,13,Super soft,24,Soft,24,,,,,,,61
2015,Singapore Grand Prix,Daniil Kvyat,Super soft,12,Super soft,21,Soft,28,,,,,,,61
2015,Singapore Grand Prix,Sergio Perez,Super soft,13,Soft,21,Soft,27,,,,,,,61
2015,Singapore Grand Prix,Max Verstappen,Super soft,12,Soft,24,Super soft,25,,,,,,,61
2015,Singapore Grand Prix,Carlos Sainz,Super soft,10,Soft,18,Super soft,9,Soft,24,,,,,61
2015,Singapore Grand Prix,Felipe Nasr,Super soft,13,Soft,21,Soft,27,,,,,,,61
2015,Singapore Grand Prix,Marcus Ericsson,Super soft,10,Soft,18,Super soft,8,Soft,25,,,,,61
2015,Singapore Grand Prix,Pastor Maldonado,Super soft,10,Super soft,17,Soft,27,Super soft,7,,,,,61
2015,Singapore Grand Prix,Romain Grosjean,Super soft,9,Soft,17,Soft,33,,,,,,,59
2015,Singapore Grand Prix,Alexander Rossi,Super soft,13,Soft,23,Super soft,23,,,,,,,59
2015,Singapore Grand Prix,Will Stevens,Super soft,14,Soft,23,Super soft,22,,,,,,,59
2015,Singapore Grand Prix,Jenson Button,Super soft,13,Soft,24,Soft,4,Super soft,11,,,,,52
2015,Singapore Grand Prix,Fernando Alonso,Super soft,10,Soft,22,,,,,,,,,32
2015,Singapore Grand Prix,Lewis Hamilton,Super soft,13,Soft,19,,,,,,,,,32
2015,Singapore Grand Prix,Felipe Massa,Super soft,12,Soft,2,Soft,15,Soft,1,,,,,30
2015,Singapore Grand Prix,Nico Hulkenberg,Super soft,11,Soft,1,,,,,,,,,12
2016,Singapore Grand Prix,Nico Rosberg,Ultra soft,16,Soft,17,Soft,28,,,,,,,61
2016,Singapore Grand Prix,Daniel Ricciardo,Super soft,15,Super soft,17,Soft,15,Super soft,14,,,,,61
2016,Singapore Grand Prix,Lewis Hamilton,Ultra soft,15,Soft,19,Soft,11,Super soft,16,,,,,61
2016,Singapore Grand Prix,Kimi Raikkonen,Ultra soft,17,Super soft,16,Soft,13,Ultra soft,15,,,,,61
2016,Singapore Grand Prix,Sebastian Vettel,Soft,24,Ultra soft,18,Ultra soft,19,,,,,,,61
2016,Singapore Grand Prix,Max Verstappen,Super soft,13,Super soft,14,Super soft,17,Soft,17,,,,,61
2016,Singapore Grand Prix,Fernando Alonso,Ultra soft,14,Super soft,20,Soft,27,,,,,,,61
2016,Singapore Grand Prix,Sergio Perez,Ultra soft,1,Soft,24,Soft,36,,,,,,,61
2016,Singapore Grand Prix,Daniil Kvyat,Ultra soft,15,Super soft,22,Super soft,24,,,,,,,61
2016,Singapore Grand Prix,Kevin Magnussen,Ultra soft,17,Super soft,21,Super soft,23,,,,,,,61
2016,Singapore Grand Prix,Esteban Gutierrez,Ultra soft,18,Ultra soft,18,Soft,24,,,,,,,60
2016,Singapore Grand Prix,Felipe Massa,Ultra soft,16,Super soft,12,Ultra soft,15,Ultra soft,17,,,,,60
2016,Singapore Grand Prix,Felipe Nasr,Super soft,17,Super soft,18,Soft,25,,,,,,,60
2016,Singapore Grand Prix,Carlos Sainz,Ultra soft,7,Super soft,20,Soft,21,Ultra soft,12,,,,,60
2016,Singapore Grand Prix,Jolyon Palmer,Super soft,11,Super soft,23,Soft,26,,,,,,,60
2016,Singapore Grand Prix,Pascal Wehrlein,Ultra soft,18,Super soft,18,Ultra soft,24,,,,,,,60
2016,Singapore Grand Prix,Marcus Ericsson,Ultra soft,8,Super soft,17,Ultra soft,11,Soft,24,,,,,60
2016,Singapore Grand Prix,Esteban Ocon,Ultra soft,19,Ultra soft,15,Super soft,11,Super soft,14,,,,,59
2016,Singapore Grand Prix,Jenson Button,Ultra soft,1,Super soft,14,Ultra soft,12,Soft,16,,,,,43
2016,Singapore Grand Prix,Valtteri Bottas,Ultra soft,1,Soft,14,Super soft,15,Ultra soft,2,Ultra soft,,,,32
2016,Singapore Grand Prix,Nico Hulkenberg,Soft,,,,,,,,,,,,
2016,Singapore Grand Prix,Romain Grosjean,,,,,,,,,,,,,
2017,Singapore Grand Prix,Lewis Hamilton,Intermediate,29,Ultra soft,29,,,,,,,,,58
2017,Singapore Grand Prix,Daniel Ricciardo,Intermediate,11,Intermediate,17,Ultra soft,30,,,,,,,58
2017,Singapore Grand Prix,Valtteri Bottas,Intermediate,28,Ultra soft,30,,,,,,,,,58
2017,Singapore Grand Prix,Carlos Sainz,Intermediate,27,Super soft,31,,,,,,,,,58
2017,Singapore Grand Prix,Sergio Perez,Wet,11,Intermediate,17,Ultra soft,30,,,,,,,58
2017,Singapore Grand Prix,Jolyon Palmer,Wet,12,Intermediate,17,Ultra soft,29,,,,,,,58
2017,Singapore Grand Prix,Stoffel Vandoorne,Wet,12,Intermediate,15,Ultra soft,31,,,,,,,58
2017,Singapore Grand Prix,Lance Stroll,Intermediate,26,Ultra soft,32,,,,,,,,,58
2017,Singapore Grand Prix,Romain Grosjean,Intermediate,27,Ultra soft,31,,,,,,,,,58
2017,Singapore Grand Prix,Esteban Ocon,Wet,11,Intermediate,16,Ultra soft,11,Ultra soft,20,,,,,58
2017,Singapore Grand Prix,Felipe Massa,Wet,17,Intermediate,7,Ultra soft,13,Ultra soft,21,,,,,58
2017,Singapore Grand Prix,Pascal Wehrlein,Wet,2,Wet,19,Intermediate,7,Ultra soft,9,,19,,,56
2017,Singapore Grand Prix,Kevin Magnussen,Wet,11,Intermediate,13,Ultra soft,14,Ultra soft,,,,,,38
2017,Singapore Grand Prix,Nico Hulkenberg,Wet,12,Intermediate,16,Ultra soft,10,Ultra soft,,,,,,38
2017,Singapore Grand Prix,Marcus Ericsson,Wet,2,Wet,11,Intermediate,14,Soft,,,4,,,31
2017,Singapore Grand Prix,Daniil Kvyat,Intermediate,,,,,,,,,,,,0
2017,Singapore Grand Prix,Fernando Alonso,Wet,,,,,,,,,,,,0
2017,Singapore Grand Prix,Max Verstappen,Intermediate,,,,,,,,,,,,0
2017,Singapore Grand Prix,Sebastian Vettel,Intermediate,,,,,,,,,,,,0
2017,Singapore Grand Prix,Kimi Raikkonen,Intermediate,,,,,,,,,,,,0
2015,Spanish Grand Prix,Nico Rosberg,Medium,15,Medium,30,Hard,21,,,,,,,66
2015,Spanish Grand Prix,Lewis Hamilton,Medium,13,Medium,19,Hard,19,Medium,15,,,,,66
2015,Spanish Grand Prix,Sebastian Vettel,Medium,14,Medium,26,Hard,26,,,,,,,66
2015,Spanish Grand Prix,Valtteri Bottas,Medium,15,Medium,27,Hard,24,,,,,,,66
2015,Spanish Grand Prix,Kimi Raikkonen,Medium,17,Hard,24,Medium,25,,,,,,,66
2015,Spanish Grand Prix,Felipe Massa,Medium,14,Medium,18,Hard,15,Medium,19,,,,,66
2015,Spanish Grand Prix,Daniel Ricciardo,Medium,13,Medium,29,Hard,23,,,,,,,65
2015,Spanish Grand Prix,Romain Grosjean,Medium,15,Medium,25,Hard,25,,,,,,,65
2015,Spanish Grand Prix,Carlos Sainz,Medium,14,Hard,28,Medium,23,,,,,,,65
2015,Spanish Grand Prix,Daniil Kvyat,Medium,11,Medium,27,Hard,27,,,,,,,65
2015,Spanish Grand Prix,Max Verstappen,Medium,13,Hard,24,Hard,28,,,,,,,65
2015,Spanish Grand Prix,Felipe Nasr,Medium,12,Medium,27,Hard,26,,,,,,,65
2015,Spanish Grand Prix,Sergio Perez,Medium,19,Hard,17,Medium,29,,,,,,,65
2015,Spanish Grand Prix,Marcus Ericsson,Medium,18,Medium,27,Hard,20,,,,,,,65
2015,Spanish Grand Prix,Nico Hulkenberg,Medium,10,Medium,16,Medium,23,Hard,16,,,,,65
2015,Spanish Grand Prix,Jenson Button,Medium,11,Hard,16,Medium,17,Medium,21,,,,,65
2015,Spanish Grand Prix,Will Stevens,Medium,16,Medium,16,Hard,15,Medium,16,,,,,63
2015,Spanish Grand Prix,Roberto Merhi,Medium,17,Medium,13,Hard,19,Medium,13,,,,,62
2015,Spanish Grand Prix,Pastor Maldonado,Medium,14,Medium,1,Medium,28,Hard,,,,,,43
2015,Spanish Grand Prix,Fernando Alonso,Medium,21,Hard,,,,,,,,,,21
2016,Spanish Grand Prix,Max Verstappen,Soft,12,Medium,22,Medium,32,,,,,,,66
2016,Spanish Grand Prix,Kimi Raikkonen,Soft,12,Medium,23,Medium,31,,,,,,,66
2016,Spanish Grand Prix,Sebastian Vettel,Soft,15,Medium,14,Soft,8,Medium,29,,,,,66
2016,Spanish Grand Prix,Daniel Ricciardo,Soft,11,Medium,17,Soft,15,Medium,22,Super soft,1,,,66
2016,Spanish Grand Prix,Valtteri Bottas,Soft,12,Medium,27,Medium,27,,,,,,,66
2016,Spanish Grand Prix,Carlos Sainz,Soft,10,Medium,28,Medium,28,,,,,,,66
2016,Spanish Grand Prix,Sergio Perez,Soft,9,Medium,26,Medium,31,,,,,,,66
2016,Spanish Grand Prix,Felipe Massa,Soft,8,Medium,17,Soft,16,Medium,25,,,,,66
2016,Spanish Grand Prix,Jenson Button,Soft,10,Medium,26,Medium,29,,,,,,,65
2016,Spanish Grand Prix,Daniil Kvyat,Soft,9,Medium,16,Medium,26,Soft,14,,,,,65
2016,Spanish Grand Prix,Esteban Gutierrez,Soft,16,Soft,14,Medium,35,,,,,,,65
2016,Spanish Grand Prix,Marcus Ericsson,Soft,9,Soft,15,Medium,16,Medium,25,,,,,65
2016,Spanish Grand Prix,Jolyon Palmer,Soft,11,Medium,22,Hard,32,,,,,,,65
2016,Spanish Grand Prix,Felipe Nasr,Soft,12,Medium,24,Medium,29,,,,,,,65
2016,Spanish Grand Prix,Kevin Magnussen,Soft,10,Medium,20,Hard,25,Soft,10,,,,,65
2016,Spanish Grand Prix,Pascal Wehrlein,Soft,11,Medium,22,Medium,32,,,,,,,65
2016,Spanish Grand Prix,Rio Haryanto,Medium,22,Medium,26,Soft,17,,,,,,,65
2016,Spanish Grand Prix,Romain Grosjean,Soft,15,Soft,14,Medium,8,Soft,,,,,,37
2016,Spanish Grand Prix,Fernando Alonso,Soft,11,Medium,28,Medium,,,,,,,,39
2016,Spanish Grand Prix,Nico Hulkenberg,Soft,10,Medium,,,,,,,,,,10
2016,Spanish Grand Prix,Lewis Hamilton,Soft,,,,,,,,,,,,0
2016,Spanish Grand Prix,Nico Rosberg,Soft,,,,,,,,,,,,0
2017,Spanish Grand Prix,Lewis Hamilton,Soft,21,Medium,15,Soft,30,,,,,,,66
2017,Spanish Grand Prix,Sebastian Vettel,Soft,14,Soft,23,Medium,29,,,,,,,66
2017,Spanish Grand Prix,Daniel Ricciardo,Soft,21,Medium,17,Soft,28,,,,,,,66
2017,Spanish Grand Prix,Sergio Perez,Soft,18,Soft,16,Medium,31,,,,,,,65
2017,Spanish Grand Prix,Esteban Ocon,Soft,16,Soft,18,Medium,31,,,,,,,65
2017,Spanish Grand Prix,Nico Hulkenberg,Soft,15,Soft,18,Medium,32,,,,,,,65
2017,Spanish Grand Prix,Pascal Wehrlein,Soft,33,Medium,32,,,,,,,,,65
2017,Spanish Grand Prix,Carlos Sainz,Soft,13,Soft,21,Medium,31,,,,,,,65
2017,Spanish Grand Prix,Daniil Kvyat,Medium,1,Soft,32,Soft,32,,,,,,,65
2017,Spanish Grand Prix,Romain Grosjean,Soft,19,Soft,15,Medium,31,,,,,,,65
2017,Spanish Grand Prix,Marcus Ericsson,Soft,18,Soft,14,Medium,32,,,,,,,64
2017,Spanish Grand Prix,Fernando Alonso,Soft,12,Soft,19,Medium,20,Soft,13,,,,,64
2017,Spanish Grand Prix,Felipe Massa,Soft,1,Soft,12,Soft,20,Medium,31,,,,,64
2017,Spanish Grand Prix,Kevin Magnussen,Soft,13,Soft,20,Medium,30,Soft,1,,,,,64
2017,Spanish Grand Prix,Jolyon Palmer,Medium,2,Soft,19,Soft,21,Soft,22,,,,,64
2017,Spanish Grand Prix,Lance Stroll,Soft,12,Soft,21,Medium,31,,,,,,,64
2017,Spanish Grand Prix,Valtteri Bottas,Soft,26,Medium,,,,,,,,,,26
2017,Spanish Grand Prix,Stoffel Vandoorne,Medium,12,Soft,,,,,,,,,,12
2017,Spanish Grand Prix,Max Verstappen,Soft,,,,,,,,,,,,0
2017,Spanish Grand Prix,Kimi Raikkonen,,,,,,,,,,,,,0
2015,United States Grand Prix,Lewis Hamilton,Intermediate ,18,Soft,25,Soft,13,,,,,,,56
2015,United States Grand Prix,Nico Rosberg,Intermediate,19,Soft,19,Soft,18,,,,,,,56
2015,United States Grand Prix,Sebastian Vettel,Intermediate,18,Soft,9,Medium,16,Soft,13,,,,,56
2015,United States Grand Prix,Max Verstappen,Intermediate,18,Soft,10,Soft,28,,,,,,,56
2015,United States Grand Prix,Sergio Perez,Intermediate,19,Soft,8,Medium,29,,,,,,,56
2015,United States Grand Prix,Jenson Button,Intermediate,17,Soft,10,Soft,17,Soft,12,,,,,56
2015,United States Grand Prix,Carlos Sainz,Intermediate,19,Soft,8,Medium,16,Soft,13,,,,,56
2015,United States Grand Prix,Pastor Maldonado,Intermediate,18,Soft,9,Soft,16,Soft,13,,,,,56
2015,United States Grand Prix,Felipe Nasr,Intermediate,2,Soft,1,Intermediate,14,Soft,9,Soft,16,Soft,14,56
2015,United States Grand Prix,Daniel Ricciardo,Intermediate,19,Soft,19,Soft,12,Soft,6,,,,,56
2015,United States Grand Prix,Fernando Alonso,Intermediate,1,Intermediate,17,Soft,8,Soft,30,,,,,56
2015,United States Grand Prix,Alexander Rossi,Intermediate,1,Intermediate,16,Soft,10,Medium,29,,,,,56
2015,United States Grand Prix,Daniil Kvyat,Intermediate,19,Soft,19,Medium,,,,,,,,38
2015,United States Grand Prix,Nico Hulkenberg,Intermediate,19,Soft,8,Medium,,,,,,,,27
2015,United States Grand Prix,Marcus Ericsson,Intermediate,16,Soft,3,Soft,,,,,,,,19
2015,United States Grand Prix,Kimi Raikkonen,Intermediate,19,Soft,1,Soft,,,,,,,,20
2015,United States Grand Prix,Felipe Massa,Intermediate,18,Soft,,,,,,,,,,18
2015,United States Grand Prix,Romain Grosjean,Intermediate,1,Intermediate,8,Soft,,,,,,,,9
2015,United States Grand Prix,Valtteri Bottas,Intermediate,1,Soft,3,Intermediate,,,,,,,,4
2015,United States Grand Prix,Will Stevens,Intermediate,,,,,,,,,,,,0
2016,United States Grand Prix,Lewis Hamilton,Soft,11,Soft,20,Medium,25,,,,,,,56
2016,United States Grand Prix,Nico Rosberg,Soft,10,Medium,21,Medium,25,,,,,,,56
2016,United States Grand Prix,Daniel Ricciardo,Super soft,8,Soft,17,Medium,31,,,,,,,56
2016,United States Grand Prix,Sebastian Vettel,Super soft,14,Soft,15,Medium,24,Super soft,3,,,,,56
2016,United States Grand Prix,Fernando Alonso,Soft,11,Medium,19,Medium,26,,,,,,,56
2016,United States Grand Prix,Carlos Sainz,Super soft,11,Soft,19,Soft,26,,,,,,,56
2016,United States Grand Prix,Felipe Massa,Super soft,11,Soft,18,Medium,25,Super soft,1,,,,,55
2016,United States Grand Prix,Sergio Perez,Super soft,10,Medium,17,Medium,28,,,,,,,55
2016,United States Grand Prix,Jenson Button,Super soft,10,Medium,18,Medium,27,,,,,,,55
2016,United States Grand Prix,Romain Grosjean,Super soft,10,Soft,17,Medium,28,,,,,,,55
2016,United States Grand Prix,Kevin Magnussen,Soft,13,Soft,14,Medium,16,Super soft,12,,,,,55
2016,United States Grand Prix,Daniil Kvyat,Soft,21,Medium,34,,,,,,,,,55
2016,United States Grand Prix,Jolyon Palmer,Soft,15,Soft,11,Medium,29,,,,,,,55
2016,United States Grand Prix,Marcus Ericsson,Soft,17,Medium,38,,,,,,,,,55
2016,United States Grand Prix,Felipe Nasr,Medium,29,Soft,26,,,,,,,,,55
2016,United States Grand Prix,Valtteri Bottas,Super soft,1,Soft,19,Medium,35,,,,,,,55
2016,United States Grand Prix,Pascal Wehrlein,Soft,13,Medium,17,Medium,25,,,,,,,55
2016,United States Grand Prix,Esteban Ocon,Medium,17,Soft,9,Soft,18,Super soft,10,,,,,54
2016,United States Grand Prix,Kimi Raikkonen,Super soft,8,Soft,16,Super soft,,,,,,,,24
2016,United States Grand Prix,Max Verstappen,Soft,9,Soft,17,Medium,,,,,,,,26
2016,United States Grand Prix,Esteban Gutierrez,Soft,13,Soft,,,,,,,,,,13
2016,United States Grand Prix,Nico Hulkenberg,Super soft,,,,,,,,,,,,0
2017,United States Grand Prix,Lewis Hamilton,Ultra soft,19,Soft,37,,,,,,,,,56
2017,United States Grand Prix,Sebastian Vettel,Ultra soft,16,Soft,22,Super soft,18,,,,,,,56
2017,United States Grand Prix,Kimi Raikkonen,Ultra soft,20,Soft,36,,,,,,,,,56
2017,United States Grand Prix,Max Verstappen,Super soft,24,Soft,13,Super soft,19,,,,,,,56
2017,United States Grand Prix,Valtteri Bottas,Ultra soft,18,Soft,34,Ultra soft,4,,,,,,,56
2017,United States Grand Prix,Esteban Ocon,Ultra soft,14,Soft,42,,,,,,,,,56
2017,United States Grand Prix,Carlos Sainz,Ultra soft,19,Soft,37,,,,,,,,,56
2017,United States Grand Prix,Sergio Perez,Ultra soft,12,Soft,43,,,,,,,,,55
2017,United States Grand Prix,Felipe Massa,Super soft,29,Ultra soft,26,,,,,,,,,55
2017,United States Grand Prix,Daniil Kvyat,Ultra soft,17,Soft,38,,,,,,,,,55
2017,United States Grand Prix,Lance Stroll,Super soft,10,Soft,26,Ultra soft,19,,,,,,,55
2017,United States Grand Prix,Stoffel Vandoorne,Super soft,25,Ultra soft,30,,,,,,,,,55
2017,United States Grand Prix,Brendon Hartley,Ultra soft,8,Super soft,27,Super soft,20,,,,,,,55
2017,United States Grand Prix,Romain Grosjean,Ultra soft,16,Soft,39,,,,,,,,,55
2017,United States Grand Prix,Marcus Ericsson,Super soft,21,Soft,34,,,,,,,,,55
2017,United States Grand Prix,Kevin Magnussen,Super soft,1,Soft,48,Ultra soft,6,,,,,,,55
2017,United States Grand Prix,Fernando Alonso,Ultra soft,14,Soft,,,,,,,,,,14
2017,United States Grand Prix,Daniel Ricciardo,Ultra soft,12,Super soft,,,,,,,,,,12
2017,United States Grand Prix,Pascal Wehrlein,Soft,3,Soft,,,,,,,,,,3
2017,United States Grand Prix,Nico Hulkenberg,Ultra soft,,,,,,,,,,,,0